experiment,fold,config_hash,train_frac,n_train_samples,train_r2,train_d2,train_rmse,train_mape,train_mean_relative_bias,train_median_relative_bias,train_log1p_r2,train_log1p_d2,train_log1p_rmse,train_log1p_mae,train_bias_slope_log_area,val_r2,val_d2,val_rmse,val_mape,val_mean_relative_bias,val_median_relative_bias,val_log1p_r2,val_log1p_d2,val_log1p_rmse,val_log1p_mae,val_bias_slope_log_area,test_r2,test_d2,test_rmse,test_mape,test_mean_relative_bias,test_median_relative_bias,test_log1p_r2,test_log1p_d2,test_log1p_rmse,test_log1p_mae,test_bias_slope_log_area,gift_r2,gift_d2,gift_rmse,gift_mape,gift_mean_relative_bias,gift_median_relative_bias,gift_log1p_r2,gift_log1p_d2,gift_log1p_rmse,gift_log1p_mae,gift_bias_slope_log_area,interp_r2,interp_d2,interp_rmse,interp_mape,interp_mean_relative_bias,interp_median_relative_bias,interp_log1p_r2,interp_log1p_d2,interp_log1p_rmse,interp_log1p_mae,interp_bias_slope_log_area,extrap_r2,extrap_d2,extrap_rmse,extrap_mape,extrap_mean_relative_bias,extrap_median_relative_bias,extrap_log1p_r2,extrap_log1p_d2,extrap_log1p_rmse,extrap_log1p_mae,extrap_bias_slope_log_area,model_family,architecture_variant,effort_transform,asymptote_transform,weibull_parameterization,target_transform,layer_label,layer_size_base,layer_sizes,ridge_alpha,n_val_samples,n_test_samples,n_gift_samples,train_prediction_min,train_prediction_mean,train_prediction_max,train_prediction_finite_fraction,val_prediction_min,val_prediction_mean,val_prediction_max,val_prediction_finite_fraction,test_prediction_min,test_prediction_mean,test_prediction_max,test_prediction_finite_fraction,gift_prediction_min,gift_prediction_mean,gift_prediction_max,gift_prediction_finite_fraction,train_nrmse,val_nrmse,test_nrmse,gift_nrmse,interp_nrmse,extrap_nrmse
MuScaRi_Area,2,ac733d9bd2f6,1.0,204272,0.8617318155091265,0.6352072543034646,195.5561905839272,0.6322760486153592,0.3386633209980195,-0.0026946702826932,0.8352257784834997,0.6247304945770722,0.5812481244628886,0.4455271570491944,-0.0138547707495494,0.8600434643323515,0.6179097921253216,157.61290126820967,0.7133202246361129,0.4379516934552582,0.0447270700017658,0.8003453741546764,0.5807740183306767,0.614979700511787,0.4713148605663648,-0.0281288023165679,0.8679397772865147,0.6219771145858717,149.59776337603788,0.6768505854136664,0.375893711747204,0.0086486851815673,0.799219493256946,0.5747495377890307,0.6067907762975154,0.4685834751486155,-0.0239336829737644,0.1406764212853164,0.1081940700354917,817.5191941354682,0.471734794827075,-0.0110542058592647,-0.2319570190632836,0.2178933365570524,0.131330684845871,0.5413845261594841,0.4356726943543931,0.0850546562604762,0.8679397772865147,0.6219771145858717,149.59776337603788,0.6768505854136664,0.375893711747204,0.0086486851815673,0.799219493256946,0.5747495377890307,0.6067907762975154,0.4685834751486155,-0.0239336829737644,0.1406764212853164,0.1081940700354917,817.5191941354682,0.471734794827075,-0.0110542058592647,-0.2319570190632836,0.2178933365570524,0.131330684845871,0.5413845261594841,0.4356726943543931,0.0850546562604762,MuScaRi,legacy_maxabs_absolute_l32,absolute,absolute,legacy,maxabs,l32,32,32;128;512;512;128;32,,,,,,,,,,,,,,,,,,,,,0.576447465565382,0.6118890648518778,0.5941893886557096,0.5369354197754296,0.5941893886557096,0.5369354197754296
MuScaRi_Area,4,ac733d9bd2f6,1.0,214080,0.8567791797638571,0.6269897237176194,192.423792529806,0.6803581098084288,0.4164125454346385,0.0440889358424304,0.8234487388080197,0.6115789414382282,0.5927004833061571,0.4516012768423847,-0.0213309137965955,0.8588522475801191,0.6178840581480554,159.30812887148883,0.7630167705091343,0.5225523838585835,0.108011476701212,0.797630149031862,0.5858824544135937,0.6247930216294532,0.4735775220368399,-0.0364944246519432,0.868753660357137,0.6337386843762569,158.28619346310083,0.7791374534190304,0.5555807665707182,0.1194901581666284,0.8028700306592879,0.5963483331661245,0.6250408158586293,0.4679494184804199,-0.0414669927391967,0.1193586086379556,0.105711869905495,827.5974452110428,0.4776312405839029,0.0090549403436386,-0.2185545411395432,0.2362011047256541,0.146793269724787,0.535010563914845,0.4279175817907163,0.0952172495970396,0.868753660357137,0.6337386843762569,158.28619346310083,0.7791374534190304,0.5555807665707182,0.1194901581666284,0.8028700306592879,0.5963483331661245,0.6250408158586293,0.4679494184804199,-0.0414669927391967,0.1193586086379556,0.105711869905495,827.5974452110428,0.4776312405839029,0.0090549403436386,-0.2185545411395432,0.2362011047256541,0.146793269724787,0.535010563914845,0.4279175817907163,0.0952172495970396,MuScaRi,legacy_maxabs_absolute_l32,absolute,absolute,legacy,maxabs,l32,32,32;128;512;512;128;32,,,,,,,,,,,,,,,,,,,,,0.5881975761863902,0.6039889835873269,0.5821611858426027,0.5435546771710781,0.5821611858426027,0.5435546771710781
MuScaRi_Area,0,ac733d9bd2f6,1.0,216400,0.8597527416595466,0.6324079371760278,191.5143392769066,0.709763093802339,0.4619229714880458,0.0636230944167852,0.8188563300691026,0.6096937149424569,0.5997612686823725,0.4523200661249574,-0.0465244350872317,0.8605815363215166,0.6213740944209702,163.90501656628342,0.8462255680045835,0.6427550890980351,0.1844776220558719,0.7907647968733645,0.5844241538392181,0.6488507994386352,0.4875004393610667,-0.072498983697414,0.8583140113741125,0.6192129390494324,159.6115830024085,0.7999969163311695,0.574491912887432,0.134811057204265,0.790333976287819,0.5804773344232659,0.6359563300771861,0.479758722845203,-0.0670751976731093,0.2425446343959636,0.1553944819360336,767.534872099836,0.4592443561305548,-0.0023188223090688,-0.2214245646288046,0.2800546078400815,0.1774193432987437,0.5194247297127522,0.4125573726458797,0.0834048177117839,0.8583140113741125,0.6192129390494324,159.6115830024085,0.7999969163311695,0.574491912887432,0.134811057204265,0.790333976287819,0.5804773344232659,0.6359563300771861,0.479758722845203,-0.0670751976731093,0.2425446343959636,0.1553944819360336,767.534872099836,0.4592443561305548,-0.0023188223090688,-0.2214245646288046,0.2800546078400815,0.1774193432987437,0.5194247297127522,0.4125573726458797,0.0834048177117839,MuScaRi,legacy_maxabs_absolute_l32,absolute,absolute,legacy,maxabs,l32,32,32;128;512;512;128;32,,,,,,,,,,,,,,,,,,,,,0.5869883979238018,0.6012318287850658,0.6051394769952773,0.5041064010478948,0.6051394769952773,0.5041064010478948
MuScaRi_Area,3,ac733d9bd2f6,1.0,212348,0.8550805115952204,0.6241773033527961,194.50294508185704,0.7459203277607597,0.505428745953555,0.0914831439973001,0.8110791296818309,0.6037168838001761,0.6149969712388593,0.4625452475338238,-0.0579694876202659,0.8668646366609044,0.6277214025627678,159.4212275060423,0.8647795140331598,0.6648585521250975,0.1754011837860114,0.783295826589875,0.5806063236004211,0.6553385093155782,0.4861989759562918,-0.0813231120319064,0.8583601998144659,0.6096910859232103,158.55787758917114,0.8623866065395492,0.6526238046138707,0.1691496878467915,0.7703000487529739,0.5605231411169826,0.6596317395393805,0.4940819126120391,-0.0779638252661329,0.1490382632703605,0.1218789183358681,813.531947053637,0.4843127618165843,0.0303119121512304,-0.213354741445514,0.2311853941576802,0.1558159801255159,0.5367643421819165,0.4233923312789526,0.0994972395739161,0.8583601998144659,0.6096910859232103,158.55787758917114,0.8623866065395492,0.6526238046138707,0.1691496878467915,0.7703000487529739,0.5605231411169826,0.6596317395393805,0.4940819126120391,-0.0779638252661329,0.1490382632703605,0.1218789183358681,813.531947053637,0.4843127618165843,0.0303119121512304,-0.213354741445514,0.2311853941576802,0.1558159801255159,0.5367643421819165,0.4233923312789526,0.0994972395739161,MuScaRi,legacy_maxabs_absolute_l32,absolute,absolute,legacy,maxabs,l32,32,32;128;512;512;128;32,,,,,,,,,,,,,,,,,,,,,0.5920831499446538,0.586335730380908,0.6155576774634578,0.5343166504535725,0.6155576774634578,0.5343166504535725
MuScaRi_Area,1,ac733d9bd2f6,1.0,211624,0.8593161278681493,0.6327395413133621,194.34009082812244,0.7112779614155985,0.4584800013936237,0.0579206044998303,0.8210167805824456,0.6137465234652879,0.6022784424006359,0.4544071101688816,-0.0469775340146897,0.8681143997676045,0.6222145134371174,149.49882433212693,0.7658580723372335,0.5175954349559265,0.0852312824745483,0.7847102984530049,0.5686566434866915,0.6283329367117954,0.4752972359795385,-0.0604392922466374,0.8619823145523566,0.6211535046049923,163.07953689542322,0.8412605709429519,0.6313973765233333,0.1746110868691212,0.7913834994469995,0.5848116815922559,0.6478907708877152,0.4870458405833707,-0.0690978917600787,0.1205135986529052,0.1030095600884929,827.0545523664023,0.4826824403150198,0.0057842268523555,-0.237222480117103,0.2061992631748282,0.1309204183350042,0.5454169030210282,0.4358784603687309,0.0963085027214587,0.8619823145523566,0.6211535046049923,163.07953689542322,0.8412605709429519,0.6313973765233333,0.1746110868691212,0.7913834994469995,0.5848116815922559,0.6478907708877152,0.4870458405833707,-0.0690978917600787,0.1205135986529052,0.1030095600884929,827.0545523664023,0.4826824403150198,0.0057842268523555,-0.237222480117103,0.2061992631748282,0.1309204183350042,0.5454169030210282,0.4358784603687309,0.0963085027214587,MuScaRi,legacy_maxabs_absolute_l32,absolute,absolute,legacy,maxabs,l32,32,32;128;512;512;128;32,,,,,,,,,,,,,,,,,,,,,0.5829525188262139,0.5937964113231016,0.5982038271867409,0.543198112579664,0.5982038271867409,0.543198112579664
MuScaRi_ClimateDEM,2,dae0789a3c87,1.0,201540,0.9941239950557736,0.900279689404153,40.513757934386646,0.4387534102105608,0.2476400557843117,0.0045979375839582,0.8865505470007777,0.745463405025536,0.4824687476182815,0.3023828087764755,-0.0267957931900027,0.9858563211944632,0.8444694152331284,50.35791758087751,0.5405837982208136,0.3493899809687116,0.0483007705827656,0.8488073197445882,0.682442686763963,0.5357389996109104,0.3575288708398782,-0.0381436050219976,0.986695618501005,0.8448068439384356,47.7325110287633,0.5082866129584652,0.2989458176338626,0.0359176109577047,0.8521135567298996,0.6809163178244182,0.5213952431599176,0.352158776760362,-0.0329660510089829,0.7833228786664097,0.5490128001577769,410.5122510042664,0.3414937556157606,0.2244771341336799,0.0752391873945044,0.6537285740878171,0.517467708329989,0.3602310743007855,0.2420094044504989,-0.0222614993397229,0.986695618501005,0.8448068439384356,47.7325110287633,0.5082866129584652,0.2989458176338626,0.0359176109577047,0.8521135567298996,0.6809163178244182,0.5213952431599176,0.352158776760362,-0.0329660510089829,0.7833228786664097,0.5490128001577769,410.5122510042664,0.3414937556157606,0.2244771341336799,0.0752391873945044,0.6537285740878171,0.517467708329989,0.3602310743007855,0.2420094044504989,-0.0222614993397229,MuScaRi,legacy_maxabs_absolute_l32,absolute,absolute,legacy,maxabs,l32,32,32;128;512;512;128;32,,,,,,,,,,,,,,,,,,,,,0.11838878385419647,0.19379213958738328,0.1879402389670349,0.2619489398848526,0.1879402389670349,0.2619489398848526
MuScaRi_ClimateDEM,3,dae0789a3c87,1.0,209569,0.994092817244012,0.9002897979501481,39.46275301715042,0.4076640806771057,0.2121042054881843,0.0007851950811653,0.8921242629209847,0.7529820186594633,0.4649425903470635,0.2885645169163868,-0.0257110287136873,0.987451849838434,0.8591121428491071,49.19677830008545,0.5234139503510151,0.3129014884059118,0.0258662744974843,0.8563303788590272,0.6969916753804399,0.5339755340390029,0.3516847237980463,-0.0404560024860328,0.985522275093282,0.8460564730493108,50.94912500721653,0.517694086340733,0.3218527959999272,0.0426013901846832,0.8553078806540537,0.691099049757926,0.5240953652120202,0.3477829151992245,-0.0363439967551707,0.7658064823227392,0.5160843572696796,426.78292034151616,0.3502084215026276,0.2066857771841253,0.0326275278341904,0.6396340133815013,0.4863360068691114,0.3674893362498304,0.2576232082408746,-0.0360213382697429,0.985522275093282,0.8460564730493108,50.94912500721653,0.517694086340733,0.3218527959999272,0.0426013901846832,0.8553078806540537,0.691099049757926,0.5240953652120202,0.3477829151992245,-0.0363439967551707,0.7658064823227392,0.5160843572696796,426.78292034151616,0.3502084215026276,0.2066857771841253,0.0326275278341904,0.6396340133815013,0.4863360068691114,0.3674893362498304,0.2576232082408746,-0.0360213382697429,MuScaRi,legacy_maxabs_absolute_l32,absolute,absolute,legacy,maxabs,l32,32,32;128;512;512;128;32,,,,,,,,,,,,,,,,,,,,,0.11911605840132154,0.17921402455464516,0.1960672803714751,0.27233129649828597,0.1960672803714751,0.27233129649828597
MuScaRi_ClimateDEM,0,dae0789a3c87,1.0,213363,0.9942575492342872,0.9015187771003692,38.95749063835828,0.4110305028350913,0.2326617281238424,0.0037316106980846,0.8937489401466225,0.7562284244896976,0.4595757751885245,0.282706952151855,-0.0264703731649849,0.988711691582495,0.8603103347894641,46.89214067063679,0.5470134081979178,0.3459389327357616,0.0306907615690381,0.8507722379910873,0.6934388558068454,0.5483191306732013,0.3600702192959306,-0.042232051313062,0.9883539760572756,0.8575185572190509,45.95274880505274,0.5187879624402792,0.308711540746628,0.0206917834668128,0.8547463941636229,0.6946710952102244,0.5293473227319203,0.3492732491975027,-0.0376484937835955,0.783429652365034,0.5614464636121338,410.4110921778782,0.2843560880130173,0.1144476773332553,-0.0161949414643517,0.7123591167474113,0.5536717821909334,0.3283206138383746,0.223851600906172,-0.0038694030385519,0.9883539760572756,0.8575185572190509,45.95274880505274,0.5187879624402792,0.308711540746628,0.0206917834668128,0.8547463941636229,0.6946710952102244,0.5293473227319203,0.3492732491975027,-0.0376484937835955,0.783429652365034,0.5614464636121338,410.4110921778782,0.2843560880130173,0.1144476773332553,-0.0161949414643517,0.7123591167474113,0.5536717821909334,0.3283206138383746,0.223851600906172,-0.0038694030385519,MuScaRi,legacy_maxabs_absolute_l32,absolute,absolute,legacy,maxabs,l32,32,32;128;512;512;128;32,,,,,,,,,,,,,,,,,,,,,0.11833095361922276,0.17041953565626275,0.1728746881453928,0.26188439017344317,0.1728746881453928,0.26188439017344317
MuScaRi_ClimateDEM,1,dae0789a3c87,1.0,208808,0.9941889905669288,0.9007377299447188,39.69225359159651,0.428551598021932,0.2471216274069111,0.0093943050568484,0.88827393416866,0.7490665892659522,0.476036617802579,0.2953934390880338,-0.0327962223398688,0.9871302253868184,0.8470359029729387,46.94641210881105,0.5055818321298389,0.3120324636111227,0.0413909580396569,0.8528892174334639,0.6853218434998317,0.5200260933383831,0.3472965902889768,-0.0416867110066701,0.988500672285489,0.8582455782527305,47.32840308356524,0.5572328093048668,0.3543906074854675,0.0348227161733226,0.8455734632753099,0.6875265758834168,0.5577884926887136,0.3670144643901303,-0.0470001433445996,0.7025267125788398,0.4708446432742014,480.9983411143128,0.4008576690407287,0.2859492752694673,0.0772906880555456,0.5517254274329433,0.4402174505080847,0.4098688344551996,0.280753524719066,-0.0587842645590331,0.988500672285489,0.8582455782527305,47.32840308356524,0.5572328093048668,0.3543906074854675,0.0348227161733226,0.8455734632753099,0.6875265758834168,0.5577884926887136,0.3670144643901303,-0.0470001433445996,0.7025267125788398,0.4708446432742014,480.9983411143128,0.4008576690407287,0.2859492752694673,0.0772906880555456,0.5517254274329433,0.4402174505080847,0.4098688344551996,0.280753524719066,-0.0587842645590331,MuScaRi,legacy_maxabs_absolute_l32,absolute,absolute,legacy,maxabs,l32,32,32;128;512;512;128;32,,,,,,,,,,,,,,,,,,,,,0.11803898291687344,0.18484508189938084,0.17200503882955043,0.3069262981385603,0.17200503882955043,0.3069262981385603
MuScaRi_ClimateDEM,4,dae0789a3c87,1.0,211036,0.9938415358719128,0.8987342706444547,40.11490599823868,0.4170031892201676,0.2296484081197834,-0.0024970163990496,0.8913874122031724,0.7511582730421518,0.4651797647837672,0.2895972596204405,-0.0316546160226904,0.988005452502399,0.8554642363216209,46.63528024213758,0.5240043715314259,0.3084723651944381,0.0168966885377107,0.8533882485509525,0.6903563591680693,0.5318163071102944,0.3542089812933314,-0.0422671481273638,0.9874216038755478,0.8589674316840554,49.25603440206505,0.5369940088979327,0.3333100479545329,0.0224752600440983,0.8530017727806914,0.6941189866427474,0.5401258140112147,0.3550188919999166,-0.0497179473083489,0.5888781348068317,0.395108179908237,565.4638969109343,0.4497967149007949,0.3432379916308313,0.0851071982272112,0.4865109116093665,0.3935207032031869,0.4386705246391071,0.3041738243294374,-0.0600367727205178,0.9874216038755478,0.8589674316840554,49.25603440206505,0.5369940088979327,0.3333100479545329,0.0224752600440983,0.8530017727806914,0.6941189866427474,0.5401258140112147,0.3550188919999166,-0.0497179473083489,0.5888781348068317,0.395108179908237,565.4638969109343,0.4497967149007949,0.3432379916308313,0.0851071982272112,0.4865109116093665,0.3935207032031869,0.4386705246391071,0.3041738243294374,-0.0600367727205178,MuScaRi,legacy_maxabs_absolute_l32,absolute,absolute,legacy,maxabs,l32,32,32;128;512;512;128;32,,,,,,,,,,,,,,,,,,,,,0.1215244598949511,0.17544237805304191,0.17942988268361468,0.360823989970125,0.17942988268361468,0.360823989970125
MuScaRi_ClimateDEM_Area,2,ad74a3020281,1.0,201540,0.992620341596024,0.888349431741653,45.40248067847848,0.4518387183953711,0.2218070405430761,-0.0158819530807476,0.8791047959643967,0.7281261241905959,0.4980495131337639,0.3229790443627246,-0.0289848545182185,0.986782540655787,0.8468490852681387,48.68112003142494,0.5371511622408492,0.314456806061374,0.0246748239727584,0.84667711732846,0.6750743816160991,0.5394998985593717,0.3658246389098181,-0.0388169906628467,0.987873326035287,0.8486302936510641,45.57091906538936,0.503736521708543,0.2666013721358154,0.0124997739438657,0.8494601604914322,0.6753694190145777,0.5260519162558865,0.3582806476325053,-0.0337921449471708,0.5687989857780487,0.3245968489281368,579.1078882510989,0.4644667549426169,0.1971604604779094,-0.0930107260990368,0.4388459813468059,0.3002086005095574,0.4585787058074179,0.3509736089249767,-0.0772802162937166,0.987873326035287,0.8486302936510641,45.57091906538936,0.503736521708543,0.2666013721358154,0.0124997739438657,0.8494601604914322,0.6753694190145777,0.5260519162558865,0.3582806476325053,-0.0337921449471708,0.5687989857780487,0.3245968489281368,579.1078882510989,0.4644667549426169,0.1971604604779094,-0.0930107260990368,0.4388459813468059,0.3002086005095574,0.4585787058074179,0.3509736089249767,-0.0772802162937166,MuScaRi,legacy_maxabs_absolute_l32,absolute,absolute,legacy,maxabs,l32,32,32;128;512;512;128;32,,,,,,,,,,,,,,,,,,,,,0.1326745467599906,0.18733932739074294,0.17942926601820103,0.36953025649106513,0.17942926601820103,0.36953025649106513
MuScaRi_ClimateDEM_Area,1,ad74a3020281,1.0,208808,0.9943231727672384,0.9016119578214185,39.231309599098886,0.4413216715624992,0.2627648849022502,0.0072845447534297,0.8861771685852908,0.7469844882557621,0.4804827495437827,0.2978444438232326,-0.0366248046831688,0.9879409191478932,0.8505719191199457,45.44373720188068,0.5117485755274519,0.3254833003265786,0.0429131923577724,0.8527002559529275,0.6876099027317852,0.5203599688168551,0.3447713588637181,-0.0456164085580007,0.9888056496334404,0.8596775480659697,46.69657987974213,0.5686635806504731,0.3762029731611364,0.037920167974804,0.8453357340995586,0.6881803598134305,0.5582176663511201,0.3662465649773108,-0.0529472234759718,0.6409320664468817,0.4028840054284898,528.4548684741438,0.3200425764600622,-0.0671765275734856,-0.2084638387447062,0.614171813058566,0.3955701188986236,0.3802505231815246,0.3031459621575579,0.0202482380899465,0.9888056496334404,0.8596775480659697,46.69657987974213,0.5686635806504731,0.3762029731611364,0.037920167974804,0.8453357340995586,0.6881803598134305,0.5582176663511201,0.3662465649773108,-0.0529472234759718,0.6409320664468817,0.4028840054284898,528.4548684741438,0.3200425764600622,-0.0671765275734856,-0.2084638387447062,0.614171813058566,0.3955701188986236,0.3802505231815246,0.3031459621575579,0.0202482380899465,MuScaRi,legacy_maxabs_absolute_l32,absolute,absolute,legacy,maxabs,l32,32,32;128;512;512;128;32,,,,,,,,,,,,,,,,,,,,,0.11666820259747172,0.17892850481153225,0.16970881145599803,0.33720843223349395,0.16970881145599803,0.33720843223349395
MuScaRi_ClimateDEM_Area,0,ad74a3020281,1.0,213363,0.9941623279826516,0.8999263885694683,39.27915897351341,0.4274460110592436,0.2493439187864052,0.0078277587890625,0.8900433622506452,0.7503129129472091,0.4675211028955586,0.2895672935804862,-0.0326592402686096,0.9887552663356634,0.8592111732408216,46.80154741798093,0.5599237790957348,0.3653056628834741,0.0360129916119055,0.8514458309985027,0.6925957106560293,0.5470802135234282,0.3610605322077371,-0.0498239800322462,0.98843288834423,0.8559989301084613,45.79679857812327,0.5345974756761287,0.3273170121185614,0.0249678523600602,0.8534384900790941,0.6905989804841843,0.5317251776678297,0.3539314414588881,-0.0461380317242957,0.5793365441419459,0.3501441095687332,571.9880897696917,0.3477983933860072,-0.1473815183180549,-0.2435725648090208,0.4521137496943482,0.2795440524026631,0.4531250220177762,0.3613377125105463,0.0434989027943633,0.98843288834423,0.8559989301084613,45.79679857812327,0.5345974756761287,0.3273170121185614,0.0249678523600602,0.8534384900790941,0.6905989804841843,0.5317251776678297,0.3539314414588881,-0.0461380317242957,0.5793365441419459,0.3501441095687332,571.9880897696917,0.3477983933860072,-0.1473815183180549,-0.2435725648090208,0.4521137496943482,0.2795440524026631,0.4531250220177762,0.3613377125105463,0.0434989027943633,MuScaRi,legacy_maxabs_absolute_l32,absolute,absolute,legacy,maxabs,l32,32,32;128;512;512;128;32,,,,,,,,,,,,,,,,,,,,,0.11930800117090815,0.17009029370163237,0.17228800187421872,0.3649870944786383,0.17228800187421872,0.3649870944786383
MuScaRi_ClimateDEM_Area,3,ad74a3020281,1.0,209569,0.9943687667111946,0.9026834042310108,38.52999348222146,0.4108889505941498,0.2185578016131056,-0.0002458139125734,0.8940022634151141,0.7538777828795912,0.4608777464546599,0.2875180920041217,-0.0255222608656717,0.98863960361582,0.8626782882117783,46.81052935627182,0.5280642518764042,0.3238047141691945,0.0275451510568208,0.8579298894218443,0.6981389907597104,0.5309947714634713,0.3503530993524981,-0.0394744163039567,0.9870592108351208,0.8507134147281475,48.16892460256358,0.5211795172797445,0.3321125463843022,0.0421425074318542,0.8580678174398271,0.6937408665619786,0.5190728582673306,0.3448085677625599,-0.0367440307207863,0.6565667007547389,0.4255272629484398,516.821767364227,0.3329536844045898,-0.0105320656457676,-0.1589825890518816,0.5897523229240929,0.4059439673665336,0.3920991583705469,0.2979430582024112,0.0032125365592505,0.9870592108351208,0.8507134147281475,48.16892460256358,0.5211795172797445,0.3321125463843022,0.0421425074318542,0.8580678174398271,0.6937408665619786,0.5190728582673306,0.3448085677625599,-0.0367440307207863,0.6565667007547389,0.4255272629484398,516.821767364227,0.3329536844045898,-0.0105320656457676,-0.1589825890518816,0.5897523229240929,0.4059439673665336,0.3920991583705469,0.2979430582024112,0.0032125365592505,MuScaRi,legacy_maxabs_absolute_l32,absolute,absolute,legacy,maxabs,l32,32,32;128;512;512;128;32,,,,,,,,,,,,,,,,,,,,,0.11630057720089183,0.1705213968748085,0.18536824810839367,0.3297853200221988,0.18536824810839367,0.3297853200221988
MuScaRi_ClimateDEM_Area,4,ad74a3020281,1.0,211036,0.9942981435258316,0.902221872487387,38.599147360193406,0.3904744386495867,0.1887277122450966,-0.0034950595609025,0.8958471749534712,0.7560907576021243,0.4555292421796779,0.2838569280886225,-0.0182319790228888,0.9883302818343556,0.8580719565871568,45.99947133019397,0.4963478389896858,0.2691857609800331,0.0136020614332136,0.8572523264079137,0.6956028333474782,0.5247612750020253,0.3482074103601217,-0.0302025846565694,0.9877150759013246,0.8597878776518862,48.678036151238345,0.506923255857717,0.2852133111170656,0.0196853591239782,0.858232260687698,0.6983609668487104,0.5304294056028932,0.350095464108537,-0.0345201072006386,0.6685811418460821,0.4285749181299431,507.7012149097065,0.3212106479303565,-0.0311224572752658,-0.1880063457213378,0.6320362724120558,0.4157008421492543,0.3713430920221742,0.2930495902079817,0.0118210195203247,0.9877150759013246,0.8597878776518862,48.678036151238345,0.506923255857717,0.2852133111170656,0.0196853591239782,0.858232260687698,0.6983609668487104,0.5304294056028932,0.350095464108537,-0.0345201072006386,0.6685811418460821,0.4285749181299431,507.7012149097065,0.3212106479303565,-0.0311224572752658,-0.1880063457213378,0.6320362724120558,0.4157008421492543,0.3713430920221742,0.2930495902079817,0.0118210195203247,MuScaRi,legacy_maxabs_absolute_l32,absolute,absolute,legacy,maxabs,l32,32,32;128;512;512;128;32,,,,,,,,,,,,,,,,,,,,,0.11693260693566343,0.17305045873960517,0.17732435064888755,0.32396547167228684,0.17732435064888755,0.32396547167228684
FFNN_ClimateDEM_Area,2,6494118ce147,1.0,201540,0.9946168478910732,0.9033704362635262,38.77749749315695,0.4825912686851334,0.3500675315322125,0.0206898458637487,0.8911517655688097,0.7547076014264894,0.4725836346071568,0.2914009455481954,-0.0436504750199686,0.9864101286781248,0.8441825491093348,49.36216988636681,0.6072635001331667,0.4762955020889035,0.0843543829781176,0.8487807207610865,0.6849028602607465,0.5357861232087442,0.3547590305127514,-0.0565198236410194,0.9876245435151616,0.8469221409013958,46.03599672116408,0.5676828964505236,0.4224873177547004,0.0664105256676882,0.8549617523706883,0.6890127098672958,0.5163499681418731,0.3432231411347734,-0.0478253008954784,-11.68575168168728,-3.314548457741512,3141.070592346473,2.9288768518005,2.9288768518005,2.1610904222745377,-3.562604920376005,-1.4260808440009156,1.3076131452944426,1.2167773853505095,-0.1604962724638353,0.9876245435151616,0.8469221409013958,46.03599672116408,0.5676828964505236,0.4224873177547004,0.0664105256676882,0.8549617523706883,0.6890127098672958,0.5163499681418731,0.3432231411347734,-0.0478253008954784,-11.68575168168728,-3.314548457741512,3141.070592346473,2.9288768518005,2.9288768518005,2.1610904222745377,-3.562604920376005,-1.4260808440009156,1.3076131452944426,1.2167773853505095,-0.1604962724638353,FFNN,legacy_maxabs_absolute_l32,absolute,absolute,legacy,maxabs,l32,32,32;128;512;512;128;32,,,,,,,,,,,,,,,,,,,,,0.11331510586006334,0.18996020837421276,0.1812604457294854,2.0043253514499706,0.1812604457294854,2.0043253514499706
FFNN_ClimateDEM_Area,3,6494118ce147,1.0,209569,0.9953902362312382,0.9117482656293882,34.86073270317316,0.3731245453010198,0.1964065777224608,0.0036506282473073,0.9123980765560472,0.7773072536355901,0.4189809371022136,0.2601479634263528,-0.0153306739837958,0.987693346639886,0.8595851372393277,48.72106734469068,0.5051542706825225,0.310983034180667,0.0340597159443029,0.8736053533208539,0.712019236177645,0.5008448651809754,0.3342430790017889,-0.0271830593300679,0.9858687401398212,0.8471689616381411,50.33580414462588,0.4997503953850518,0.3145612998561044,0.0456833857892611,0.8713099636749908,0.7066079039168935,0.4942655504415518,0.3303219313253371,-0.0257997187153889,-3.530976404035264,-1.2883573051919996,1877.2213986088475,1.3725206045040632,1.3702811790297202,0.8982477230091102,-0.8928089751495134,-0.4105904800126931,0.8422213337898873,0.7074680137883556,0.1980572499304366,0.9858687401398212,0.8471689616381411,50.33580414462588,0.4997503953850518,0.3145612998561044,0.0456833857892611,0.8713099636749908,0.7066079039168935,0.4942655504415518,0.3303219313253371,-0.0257997187153889,-3.530976404035264,-1.2883573051919996,1877.2213986088475,1.3725206045040632,1.3702811790297202,0.8982477230091102,-0.8928089751495134,-0.4105904800126931,0.8422213337898873,0.7074680137883556,0.1980572499304366,FFNN,legacy_maxabs_absolute_l32,absolute,absolute,legacy,maxabs,l32,32,32;128;512;512;128;32,,,,,,,,,,,,,,,,,,,,,0.10522512382193354,0.17748110468088824,0.19370704055369212,1.1978598789482593,0.19370704055369212,1.1978598789482593
FFNN_ClimateDEM_Area,1,6494118ce147,1.0,208808,0.9957215377266536,0.9147865484337268,34.05836696889095,0.35604809494493,0.1684693316880018,-0.0064174833211219,0.9178607696599106,0.7831720681247735,0.4081675008065699,0.2552451995117226,-0.0096937566071603,0.9880418736278308,0.8575305723580198,45.25311773929382,0.4418871661724173,0.2415006707144249,0.022250306372549,0.8806416792758421,0.717468124833559,0.4684133162595711,0.3118181382037024,-0.0178120633319475,0.9887856433292492,0.8634780573229865,46.738288818473954,0.5000698018249032,0.293668295865118,0.0217140957514989,0.8746733025260224,0.7134430126567585,0.5024934236485228,0.3365744127660285,-0.0228757337547485,-9.226902971195296,-2.7204538480647904,2820.2763131254105,2.4242198188497746,2.4242198188497746,1.904419859282323,-2.69491782840998,-1.1629320309745288,1.1767256940169837,1.0847976450409826,-0.0454901109245556,0.9887856433292492,0.8634780573229865,46.738288818473954,0.5000698018249032,0.293668295865118,0.0217140957514989,0.8746733025260224,0.7134430126567585,0.5024934236485228,0.3365744127660285,-0.0228757337547485,-9.226902971195296,-2.7204538480647904,2820.2763131254105,2.4242198188497746,2.4242198188497746,1.904419859282323,-2.69491782840998,-1.1629320309745288,1.1767256940169837,1.0847976450409826,-0.0454901109245556,FFNN,legacy_maxabs_absolute_l32,absolute,absolute,legacy,maxabs,l32,32,32;128;512;512;128;32,,,,,,,,,,,,,,,,,,,,,0.10128462440511742,0.17817796672798675,0.1698603937439835,1.7996256837603712,0.1698603937439835,1.7996256837603712
FFNN_ClimateDEM_Area,0,6494118ce147,1.0,213363,0.9955496143038786,0.9123130971183978,34.29581756818241,0.3808478615607123,0.2197483786815571,-0.004999287923177,0.9123364943540296,0.780367410543996,0.4174456213274236,0.2547124693613115,-0.023914558203415,0.9897723926035096,0.8679479145478712,44.634703081489775,0.536610867512223,0.3578268309923553,0.0275723029265257,0.8698468205783887,0.7122914298627523,0.5120778330988499,0.3379270005508764,-0.0418468709727843,0.9898318240138322,0.8678556729323195,42.93823444500964,0.4988164789268917,0.3094269840478962,0.0151223576840271,0.8752729457517698,0.7169817406932264,0.4905209859055225,0.3237515527013685,-0.0375252901867271,-5.658701460585614,-2.0097644692333207,2275.696623242647,1.9357912710803689,1.9357912710803689,1.4371971471969576,-1.809518921509417,-0.8867021649233018,1.0260979616839832,0.946257223270373,0.0017704918172865,0.9898318240138322,0.8678556729323195,42.93823444500964,0.4988164789268917,0.3094269840478962,0.0151223576840271,0.8752729457517698,0.7169817406932264,0.4905209859055225,0.3237515527013685,-0.0375252901867271,-5.658701460585614,-2.0097644692333207,2275.696623242647,1.9357912710803689,1.9357912710803689,1.4371971471969576,-1.809518921509417,-0.8867021649233018,1.0260979616839832,0.946257223270373,0.0017704918172865,FFNN,legacy_maxabs_absolute_l32,absolute,absolute,legacy,maxabs,l32,32,32;128;512;512;128;32,,,,,,,,,,,,,,,,,,,,,0.10417141174894055,0.16221535772338522,0.1615340557903386,1.4521279608577504,0.1615340557903386,1.4521279608577504
FFNN_ClimateDEM_Area,4,6494118ce147,1.0,211036,0.9954959291545664,0.9120233144125656,34.30616541323561,0.4012740341465138,0.2580295958895658,0.0135188208955997,0.9078022755623864,0.776089325712702,0.4285888172370827,0.260582975637163,-0.0281337543216967,0.9887291374303476,0.8599107606988557,45.206536387258105,0.5321841491840703,0.3573413141133401,0.0347002424217798,0.8670817855742812,0.7084142823066343,0.5063717960150633,0.3335520785970601,-0.0417961501094883,0.9882629858325804,0.8621988294048376,47.58013002356005,0.5489676832100343,0.3846641674112684,0.0415674954129938,0.8658063247614984,0.7086896937152988,0.516065597774689,0.3381074916361716,-0.0458379893753415,-8.47196448570446,-2.734430804998964,2714.1861174175106,2.597425569668421,2.597425569668421,1.687421225748226,-2.947052760639125,-1.2341630289253516,1.2162120731037107,1.1205228542390613,-0.2494990288900101,0.9882629858325804,0.8621988294048376,47.58013002356005,0.5489676832100343,0.3846641674112684,0.0415674954129938,0.8658063247614984,0.7086896937152988,0.516065597774689,0.3381074916361716,-0.0458379893753415,-8.47196448570446,-2.734430804998964,2714.1861174175106,2.597425569668421,2.597425569668421,1.687421225748226,-2.947052760639125,-1.2341630289253516,1.2162120731037107,1.1205228542390613,-0.2494990288900101,FFNN,legacy_maxabs_absolute_l32,absolute,absolute,legacy,maxabs,l32,32,32;128;512;512;128;32,,,,,,,,,,,,,,,,,,,,,0.10392740850728552,0.17006742976866904,0.1733248981944147,1.73192925270411,0.1733248981944147,1.73192925270411
Linear_ClimateDEM_Area,0,,1.0,213363,0.8153159223559717,0.62507905185894,220.93120564876307,0.6188783562893704,0.2734759251051777,-0.0763090776040178,0.825733254216521,0.6135062126140682,0.5885694998391421,0.448224860646477,-0.0150491867111912,0.8715161502957298,0.6499980636902316,158.20124484776449,0.714025923470595,0.4074662292855643,-0.019483854173367,0.8081728482662779,0.6025900348635369,0.6216753160389618,0.4667763535039243,-0.032425873753803,0.8681797062040195,0.6439390510686398,154.60153229560513,0.6822529849459389,0.3483655507561847,-0.0587544574407113,0.8039672860688297,0.5921231308119898,0.6149524484298848,0.4665803887393613,-0.0292242894904208,-21826.82011060223,-125.30400699166596,130294.10768227448,61.38743613637806,61.38743613637806,32.760982810954815,-35.973430369261074,-6.193155962576292,3.722354383026143,3.6076578019756416,17.555934792633888,0.8681797062040195,0.6439390510686398,154.60153229560513,0.6822529849459389,0.3483655507561847,-0.0587544574407113,0.8039672860688297,0.5921231308119898,0.6149524484298848,0.4665803887393613,-0.0292242894904208,-21826.82011060223,-125.30400699166596,130294.10768227448,61.38743613637806,61.38743613637806,32.760982810954815,-35.973430369261074,-6.193155962576292,3.722354383026143,3.6076578019756416,17.555934792633888,linear,legacy_maxabs_absolute_l32,absolute,absolute,legacy,maxabs,l32,32,32;128;512;512;128;32,1e-06,64524.0,70264.0,178.0,3.983637776085368,310.0703948982326,7268.034007911009,1.0,4.004027970451883,242.69398721250943,4764.201160538444,1.0,3.8778789925083297,233.2902651079104,4808.802205226836,1.0,5345.42690324499,90564.6391737231,396897.6256688788,1.0,0.6710647893455913,0.5749488571350528,0.5816124688380747,83.14101052311815,0.5816124688380747,83.14101052311815
Linear_ClimateDEM_Area,1,,1.0,208808,0.8093666683710905,0.6233056865619234,227.34184818818693,0.6210888275827605,0.2735589710913252,-0.0784159126570872,0.8275635299831724,0.6160746788440555,0.5913950288439184,0.4519486687706149,-0.0164776342913568,0.8762777787727339,0.6487868255574485,145.5595790220846,0.650221060450475,0.2930696170699279,-0.0827306883761341,0.7979347950983731,0.5779571454863387,0.6094648322404116,0.4657903359932064,-0.0244823222130857,0.8733308134747436,0.6515893765693335,157.08008114007256,0.7048176683359292,0.3944948797346679,-0.0259943765035022,0.8100596390410286,0.6036617395826132,0.6186103958301007,0.4655175868279766,-0.0304314654924627,-25108.55176323124,-134.10787169132146,139745.89936424012,65.68413488126477,65.68413488126477,35.5381979621088,-37.33329585169102,-6.337798270511576,3.7901895060035766,3.680201752563305,18.771541447866184,0.8733308134747436,0.6515893765693335,157.08008114007256,0.7048176683359292,0.3944948797346679,-0.0259943765035022,0.8100596390410286,0.6036617395826132,0.6186103958301007,0.4655175868279766,-0.0304314654924627,-25108.55176323124,-134.10787169132146,139745.89936424012,65.68413488126477,65.68413488126477,35.5381979621088,-37.33329585169102,-6.337798270511576,3.7901895060035766,3.680201752563305,18.771541447866184,linear,legacy_maxabs_absolute_l32,absolute,absolute,legacy,maxabs,l32,32,32;128;512;512;128;32,1000.0,74833.0,64524.0,178.0,4.0833950187906565,317.14483901661174,7206.827711386129,1.0,4.125763974450972,225.7443799426093,4829.259661455187,1.0,4.314376642675322,243.5339166565381,4787.028950583745,1.0,5523.964063420067,96768.09943265338,457132.238313511,1.0,0.6760815551238258,0.5731209499719537,0.5708742255288409,89.17222348947037,0.5708742255288409,89.17222348947037
Linear_ClimateDEM_Area,2,,1.0,201540,0.8453844419962149,0.6373465255404837,207.8203388923469,0.6304478199784065,0.2811028204097977,-0.084732730728052,0.828736635465831,0.6193141456419042,0.5927891140652832,0.4522448256038942,-0.0153848164552659,0.8751324197084228,0.6459864997531594,149.62749940964892,0.697598908788113,0.3629403669933148,-0.0613973604502819,0.7973749533530329,0.5822258453232534,0.6202038296439394,0.4703602017913264,-0.0283159893077363,0.8769052950140672,0.6458348492352195,145.18997235999043,0.6643924521493235,0.3002067803145104,-0.0971905071324078,0.7945526405333374,0.573423631303351,0.6145442574949981,0.4707937783496875,-0.0232744197740016,-15432.37962962244,-105.1900388063619,109559.51789374353,51.07673311009036,51.07673311009036,29.11552398611055,-33.10042818645441,-5.909584585637384,3.574808323738407,3.465435320528955,14.415199110043734,0.8769052950140672,0.6458348492352195,145.18997235999043,0.6643924521493235,0.3002067803145104,-0.0971905071324078,0.7945526405333374,0.573423631303351,0.6145442574949981,0.4707937783496875,-0.0232744197740016,-15432.37962962244,-105.1900388063619,109559.51789374353,51.07673311009036,51.07673311009036,29.11552398611055,-33.10042818645441,-5.909584585637384,3.574808323738407,3.465435320528955,14.415199110043734,linear,legacy_maxabs_absolute_l32,absolute,absolute,legacy,maxabs,l32,32,32;128;512;512;128;32,10000.0,71846.0,74833.0,178.0,5.5650114787967375,305.51277909163537,6368.744412027216,1.0,5.438874493534298,226.43009273691965,4548.944798426106,1.0,5.526362327673674,217.6138398371561,4393.935974653857,1.0,4389.078625263871,76391.74959128728,404340.3381686615,1.0,0.6072899290526999,0.5758108087995427,0.5716656742510531,69.91021460712362,0.5716656742510531,69.91021460712362
Linear_ClimateDEM_Area,3,,1.0,209569,0.8121954986709783,0.6235987236930984,222.51032820559345,0.6230365069017292,0.275700046269215,-0.0765843422075085,0.8256307997018879,0.6137037658333528,0.5911154767278729,0.4512683065836277,-0.0165948161420971,0.8742675148934116,0.655083252949417,155.7293818512011,0.6978339216416253,0.3851119854344318,-0.0365920219641134,0.8088730652908899,0.6026585523517954,0.6158852912898638,0.4611718750451571,-0.0295951311148244,0.8713125667747822,0.6467495961195919,151.89890366845154,0.6933149502862138,0.3728593752431322,-0.0406286595659948,0.8000050022139864,0.5871619279509164,0.616165597150138,0.4648028048226156,-0.0298439740543443,-22039.848524938883,-125.84866031870486,130928.36601694331,61.66039681833391,61.66039681833391,33.12465512008862,-36.06863566134521,-6.204227901032202,3.72714376815907,3.613210825622185,17.650191090446096,0.8713125667747822,0.6467495961195919,151.89890366845154,0.6933149502862138,0.3728593752431322,-0.0406286595659948,0.8000050022139864,0.5871619279509164,0.616165597150138,0.4648028048226156,-0.0298439740543443,-22039.848524938883,-125.84866031870486,130928.36601694331,61.66039681833391,61.66039681833391,33.12465512008862,-36.06863566134521,-6.204227901032202,3.72714376815907,3.613210825622185,17.650191090446096,linear,legacy_maxabs_absolute_l32,absolute,absolute,legacy,maxabs,l32,32,32;128;512;512;128;32,1000.0,66836.0,71846.0,178.0,3.949879699918897,311.0779243189544,7506.466564124556,1.0,4.087576164781992,243.61742444620407,4380.979040773255,1.0,4.57286453622274,235.5293402981264,4944.165566156788,1.0,5306.046395087212,90948.41781917548,406948.3248574344,1.0,0.6716346737876062,0.5672909939899946,0.5845518432252476,83.54573242355642,0.5845518432252476,83.54573242355642
Linear_ClimateDEM_Area,4,,1.0,211036,0.8082890705676092,0.6224238091350451,223.816967403225,0.6151942042605257,0.2693722841739979,-0.0742065169959671,0.8267516639821573,0.6143329459201876,0.5875100091924955,0.4488319674104433,-0.0149647936097305,0.8698014575748421,0.6451479691179095,153.64757758849203,0.6786068145313116,0.3420557057631797,-0.0616088729993526,0.8043023203611144,0.5921127768600873,0.6144267242798563,0.4665922328797589,-0.0277275261522737,0.8749613264839797,0.6548829004436947,155.2991178761565,0.6926793920273466,0.3746533847353545,-0.0427927415249433,0.8091872476431303,0.6022068649713698,0.6153788742424909,0.4616961231884053,-0.0296269448387073,-23108.80622458265,-128.43919720274118,134065.7200127908,62.88749385467293,62.88749385467293,33.256079898154255,-36.39801200202504,-6.236905013733693,3.743666064498084,3.629599715449808,18.03128647095002,0.8749613264839797,0.6548829004436947,155.2991178761565,0.6926793920273466,0.3746533847353545,-0.0427927415249433,0.8091872476431303,0.6022068649713698,0.6153788742424909,0.4616961231884053,-0.0296269448387073,-23108.80622458265,-128.43919720274118,134065.7200127908,62.88749385467293,62.88749385467293,33.256079898154255,-36.39801200202504,-6.236905013733693,3.743666064498084,3.629599715449808,18.03128647095002,linear,legacy_maxabs_absolute_l32,absolute,absolute,legacy,maxabs,l32,32,32;128;512;512;128;32,1e-06,70264.0,66836.0,178.0,4.101253688153654,311.9801217894381,7138.856924939186,1.0,3.872543549952794,233.6769613623365,4830.021015025849,1.0,3.749431286438625,242.7184714973576,4406.647522567612,1.0,5418.151026099583,92773.78578627307,421417.5023731564,1.0,0.6780331500763588,0.5780236819475095,0.5657236283767774,85.54768620507028,0.5657236283767774,85.54768620507028
