dataset_id,gift_dataset_id,model_name,model_label,config_hash,fold,area_bin,bin_left_km2,bin_right_km2,area_center_km2,n_samples,mean_sr,rmse,relative_rmse,relative_rmse_percent
ceacce0,da569da,MuScaRi_Area,Area only,ac733d9bd2f6,0,0,34.88949903172141,389.58643402739835,147.27817355026383,36,719.3611111111111,255.8111672229613,0.3556088357735107,35.56088357735107
ceacce0,da569da,MuScaRi_Area,Area only,ac733d9bd2f6,0,1,393.71516676538124,5044.166239992103,1245.4932965571754,35,1077.3428571428572,501.8459190226768,0.46581820791348266,46.581820791348264
ceacce0,da569da,MuScaRi_Area,Area only,ac733d9bd2f6,0,2,5592.307825066546,19810.215511983595,11336.636571217578,36,1902.888888888889,890.9824286779947,0.46822619748347255,46.82261974834726
ceacce0,da569da,MuScaRi_Area,Area only,ac733d9bd2f6,0,3,20016.084736488418,65890.03662361103,32819.46493671878,35,1832.0,823.0500748276355,0.44926314128146044,44.926314128146046
ceacce0,da569da,MuScaRi_Area,Area only,ac733d9bd2f6,0,4,69619.01628614723,782531.9648156572,207420.5103674639,36,2297.8888888888887,1072.4860731417314,0.46672668914828025,46.67266891482802
ceacce0,da569da,MuScaRi_Area,Area only,ac733d9bd2f6,1,0,34.88949903172141,389.58643402739835,147.27817355026383,36,719.3611111111111,260.79296446268603,0.36253414374856924,36.25341437485692
ceacce0,da569da,MuScaRi_Area,Area only,ac733d9bd2f6,1,1,393.71516676538124,5044.166239992103,1245.4932965571754,35,1077.3428571428572,531.3148420831526,0.4931715456787955,49.31715456787955
ceacce0,da569da,MuScaRi_Area,Area only,ac733d9bd2f6,1,2,5592.307825066546,19810.215511983595,11336.636571217578,36,1902.888888888889,932.9032042009026,0.4902562675352168,49.02562675352168
ceacce0,da569da,MuScaRi_Area,Area only,ac733d9bd2f6,1,3,20016.084736488418,65890.03662361103,32819.46493671878,35,1832.0,839.6606871871468,0.45833006942529847,45.83300694252985
ceacce0,da569da,MuScaRi_Area,Area only,ac733d9bd2f6,1,4,69619.01628614723,782531.9648156572,207420.5103674639,36,2297.8888888888887,1218.086017358879,0.5300891715211988,53.00891715211988
ceacce0,da569da,MuScaRi_Area,Area only,ac733d9bd2f6,2,0,34.88949903172141,389.58643402739835,147.27817355026383,36,719.3611111111111,259.5995051134327,0.36087508916413397,36.0875089164134
ceacce0,da569da,MuScaRi_Area,Area only,ac733d9bd2f6,2,1,393.71516676538124,5044.166239992103,1245.4932965571754,35,1077.3428571428572,514.8222613489502,0.4778629736445025,47.78629736445025
ceacce0,da569da,MuScaRi_Area,Area only,ac733d9bd2f6,2,2,5592.307825066546,19810.215511983595,11336.636571217578,36,1902.888888888889,946.6886372063788,0.49750074359788676,49.75007435978868
ceacce0,da569da,MuScaRi_Area,Area only,ac733d9bd2f6,2,3,20016.084736488418,65890.03662361103,32819.46493671878,35,1832.0,854.3587519370266,0.46635303053331145,46.63530305333114
ceacce0,da569da,MuScaRi_Area,Area only,ac733d9bd2f6,2,4,69619.01628614723,782531.9648156572,207420.5103674639,36,2297.8888888888887,1172.045308008747,0.5100530811894359,51.005308118943596
ceacce0,da569da,MuScaRi_Area,Area only,ac733d9bd2f6,3,0,34.88949903172141,389.58643402739835,147.27817355026383,36,719.3611111111111,256.4084368127887,0.3564391136139473,35.64391136139473
ceacce0,da569da,MuScaRi_Area,Area only,ac733d9bd2f6,3,1,393.71516676538124,5044.166239992103,1245.4932965571754,35,1077.3428571428572,503.29284048083053,0.46716125432490174,46.71612543249017
ceacce0,da569da,MuScaRi_Area,Area only,ac733d9bd2f6,3,2,5592.307825066546,19810.215511983595,11336.636571217578,36,1902.888888888889,919.7398083194763,0.4833386824054237,48.33386824054237
ceacce0,da569da,MuScaRi_Area,Area only,ac733d9bd2f6,3,3,20016.084736488418,65890.03662361103,32819.46493671878,35,1832.0,831.4535364981554,0.4538501836780323,45.385018367803234
ceacce0,da569da,MuScaRi_Area,Area only,ac733d9bd2f6,3,4,69619.01628614723,782531.9648156572,207420.5103674639,36,2297.8888888888887,1201.0163944501664,0.5226607780112905,52.26607780112905
ceacce0,da569da,MuScaRi_Area,Area only,ac733d9bd2f6,4,0,34.88949903172141,389.58643402739835,147.27817355026383,36,719.3611111111111,256.1897848988031,0.35613516068876366,35.613516068876365
ceacce0,da569da,MuScaRi_Area,Area only,ac733d9bd2f6,4,1,393.71516676538124,5044.166239992103,1245.4932965571754,35,1077.3428571428572,498.2893062302541,0.4625169257182723,46.25169257182723
ceacce0,da569da,MuScaRi_Area,Area only,ac733d9bd2f6,4,2,5592.307825066546,19810.215511983595,11336.636571217578,36,1902.888888888889,910.7146393879639,0.4785958048868197,47.85958048868197
ceacce0,da569da,MuScaRi_Area,Area only,ac733d9bd2f6,4,3,20016.084736488418,65890.03662361103,32819.46493671878,35,1832.0,848.2717173636325,0.46303041340809636,46.303041340809635
ceacce0,da569da,MuScaRi_Area,Area only,ac733d9bd2f6,4,4,69619.01628614723,782531.9648156572,207420.5103674639,36,2297.8888888888887,1245.2406712909328,0.5419063895178374,54.19063895178375
ceacce0,da569da,MuScaRi_ClimateDEM,Climate + DEM,dae0789a3c87,0,0,34.88949903172141,389.58643402739835,147.27817355026383,36,719.3611111111111,248.04763871574664,0.3448165808304776,34.48165808304776
ceacce0,da569da,MuScaRi_ClimateDEM,Climate + DEM,dae0789a3c87,0,1,393.71516676538124,5044.166239992103,1245.4932965571754,35,1077.3428571428572,269.5988188688524,0.25024421620414866,25.024421620414866
ceacce0,da569da,MuScaRi_ClimateDEM,Climate + DEM,dae0789a3c87,0,2,5592.307825066546,19810.215511983595,11336.636571217578,36,1902.888888888889,452.7250969323189,0.23791462527098386,23.791462527098385
ceacce0,da569da,MuScaRi_ClimateDEM,Climate + DEM,dae0789a3c87,0,3,20016.084736488418,65890.03662361103,32819.46493671878,35,1832.0,516.8867559045441,0.2821434257120874,28.21434257120874
ceacce0,da569da,MuScaRi_ClimateDEM,Climate + DEM,dae0789a3c87,0,4,69619.01628614723,782531.9648156572,207420.5103674639,36,2297.8888888888887,490.330802988228,0.21338316459039952,21.33831645903995
ceacce0,da569da,MuScaRi_ClimateDEM,Climate + DEM,dae0789a3c87,1,0,34.88949903172141,389.58643402739835,147.27817355026383,36,719.3611111111111,491.2296581808043,0.6828693553117717,68.28693553117718
ceacce0,da569da,MuScaRi_ClimateDEM,Climate + DEM,dae0789a3c87,1,1,393.71516676538124,5044.166239992103,1245.4932965571754,35,1077.3428571428572,504.6275063096822,0.46840010398172427,46.840010398172424
ceacce0,da569da,MuScaRi_ClimateDEM,Climate + DEM,dae0789a3c87,1,2,5592.307825066546,19810.215511983595,11336.636571217578,36,1902.888888888889,392.81113356455035,0.20642883347430532,20.642883347430534
ceacce0,da569da,MuScaRi_ClimateDEM,Climate + DEM,dae0789a3c87,1,3,20016.084736488418,65890.03662361103,32819.46493671878,35,1832.0,487.98820800846835,0.2663691091749281,26.636910917492813
ceacce0,da569da,MuScaRi_ClimateDEM,Climate + DEM,dae0789a3c87,1,4,69619.01628614723,782531.9648156572,207420.5103674639,36,2297.8888888888887,534.5626308808933,0.2326320621792002,23.263206217920022
ceacce0,da569da,MuScaRi_ClimateDEM,Climate + DEM,dae0789a3c87,2,0,34.88949903172141,389.58643402739835,147.27817355026383,36,719.3611111111111,301.8074107671473,0.41954924460815163,41.954924460815164
ceacce0,da569da,MuScaRi_ClimateDEM,Climate + DEM,dae0789a3c87,2,1,393.71516676538124,5044.166239992103,1245.4932965571754,35,1077.3428571428572,284.8304460254267,0.2643823590020403,26.43823590020403
ceacce0,da569da,MuScaRi_ClimateDEM,Climate + DEM,dae0789a3c87,2,2,5592.307825066546,19810.215511983595,11336.636571217578,36,1902.888888888889,389.56897986653996,0.20472502737351742,20.472502737351743
ceacce0,da569da,MuScaRi_ClimateDEM,Climate + DEM,dae0789a3c87,2,3,20016.084736488418,65890.03662361103,32819.46493671878,35,1832.0,536.9681190915409,0.29310486849974937,29.31048684997494
ceacce0,da569da,MuScaRi_ClimateDEM,Climate + DEM,dae0789a3c87,2,4,69619.01628614723,782531.9648156572,207420.5103674639,36,2297.8888888888887,484.18216997254365,0.21070738986281579,21.07073898628158
ceacce0,da569da,MuScaRi_ClimateDEM,Climate + DEM,dae0789a3c87,3,0,34.88949903172141,389.58643402739835,147.27817355026383,36,719.3611111111111,318.36018450729335,0.44255962629889795,44.255962629889794
ceacce0,da569da,MuScaRi_ClimateDEM,Climate + DEM,dae0789a3c87,3,1,393.71516676538124,5044.166239992103,1245.4932965571754,35,1077.3428571428572,351.30023782825555,0.3260802589436695,32.608025894366946
ceacce0,da569da,MuScaRi_ClimateDEM,Climate + DEM,dae0789a3c87,3,2,5592.307825066546,19810.215511983595,11336.636571217578,36,1902.888888888889,441.9365388448432,0.2322450571997891,23.22450571997891
ceacce0,da569da,MuScaRi_ClimateDEM,Climate + DEM,dae0789a3c87,3,3,20016.084736488418,65890.03662361103,32819.46493671878,35,1832.0,512.3728399888877,0.2796794978105282,27.96794978105282
ceacce0,da569da,MuScaRi_ClimateDEM,Climate + DEM,dae0789a3c87,3,4,69619.01628614723,782531.9648156572,207420.5103674639,36,2297.8888888888887,482.2940041590486,0.20988569399117246,20.988569399117246
ceacce0,da569da,MuScaRi_ClimateDEM,Climate + DEM,dae0789a3c87,4,0,34.88949903172141,389.58643402739835,147.27817355026383,36,719.3611111111111,618.8417895408988,0.860265838648197,86.0265838648197
ceacce0,da569da,MuScaRi_ClimateDEM,Climate + DEM,dae0789a3c87,4,1,393.71516676538124,5044.166239992103,1245.4932965571754,35,1077.3428571428572,673.7700030353296,0.6253997959592791,62.5399795959279
ceacce0,da569da,MuScaRi_ClimateDEM,Climate + DEM,dae0789a3c87,4,2,5592.307825066546,19810.215511983595,11336.636571217578,36,1902.888888888889,574.0432041125779,0.30166932366070304,30.166932366070306
ceacce0,da569da,MuScaRi_ClimateDEM,Climate + DEM,dae0789a3c87,4,3,20016.084736488418,65890.03662361103,32819.46493671878,35,1832.0,496.9713953662843,0.2712725957239543,27.12725957239543
ceacce0,da569da,MuScaRi_ClimateDEM,Climate + DEM,dae0789a3c87,4,4,69619.01628614723,782531.9648156572,207420.5103674639,36,2297.8888888888887,487.2737652177161,0.21205279662296048,21.205279662296046
ceacce0,da569da,MuScaRi_ClimateDEM_Area,Climate + DEM + area,ad74a3020281,0,0,34.88949903172141,389.58643402739835,147.27817355026383,36,719.3611111111111,234.9279984853702,0.3265786749613209,32.65786749613209
ceacce0,da569da,MuScaRi_ClimateDEM_Area,Climate + DEM + area,ad74a3020281,0,1,393.71516676538124,5044.166239992103,1245.4932965571754,35,1077.3428571428572,457.5996601124459,0.42474840490984717,42.47484049098472
ceacce0,da569da,MuScaRi_ClimateDEM_Area,Climate + DEM + area,ad74a3020281,0,2,5592.307825066546,19810.215511983595,11336.636571217578,36,1902.888888888889,766.2867397402232,0.40269652327817407,40.269652327817404
ceacce0,da569da,MuScaRi_ClimateDEM_Area,Climate + DEM + area,ad74a3020281,0,3,20016.084736488418,65890.03662361103,32819.46493671878,35,1832.0,723.6346219132433,0.3949970643631241,39.49970643631241
ceacce0,da569da,MuScaRi_ClimateDEM_Area,Climate + DEM + area,ad74a3020281,0,4,69619.01628614723,782531.9648156572,207420.5103674639,36,2297.8888888888887,512.527757920697,0.2230428809673746,22.30428809673746
ceacce0,da569da,MuScaRi_ClimateDEM_Area,Climate + DEM + area,ad74a3020281,1,0,34.88949903172141,389.58643402739835,147.27817355026383,36,719.3611111111111,182.9771274228393,0.25436060498212976,25.436060498212978
ceacce0,da569da,MuScaRi_ClimateDEM_Area,Climate + DEM + area,ad74a3020281,1,1,393.71516676538124,5044.166239992103,1245.4932965571754,35,1077.3428571428572,352.870443099563,0.327537738575986,32.7537738575986
ceacce0,da569da,MuScaRi_ClimateDEM_Area,Climate + DEM + area,ad74a3020281,1,2,5592.307825066546,19810.215511983595,11336.636571217578,36,1902.888888888889,671.7054138379963,0.3529924515089318,35.299245150893185
ceacce0,da569da,MuScaRi_ClimateDEM_Area,Climate + DEM + area,ad74a3020281,1,3,20016.084736488418,65890.03662361103,32819.46493671878,35,1832.0,667.7291403705177,0.3644809718179682,36.44809718179682
ceacce0,da569da,MuScaRi_ClimateDEM_Area,Climate + DEM + area,ad74a3020281,1,4,69619.01628614723,782531.9648156572,207420.5103674639,36,2297.8888888888887,584.4501943241592,0.2543422343657189,25.43422343657189
ceacce0,da569da,MuScaRi_ClimateDEM_Area,Climate + DEM + area,ad74a3020281,2,0,34.88949903172141,389.58643402739835,147.27817355026383,36,719.3611111111111,550.4255776955151,0.7651589294913907,76.51589294913907
ceacce0,da569da,MuScaRi_ClimateDEM_Area,Climate + DEM + area,ad74a3020281,2,1,393.71516676538124,5044.166239992103,1245.4932965571754,35,1077.3428571428572,388.2951984730281,0.36041933716699776,36.04193371669977
ceacce0,da569da,MuScaRi_ClimateDEM_Area,Climate + DEM + area,ad74a3020281,2,2,5592.307825066546,19810.215511983595,11336.636571217578,36,1902.888888888889,582.0862731511914,0.3058960912274158,30.589609122741578
ceacce0,da569da,MuScaRi_ClimateDEM_Area,Climate + DEM + area,ad74a3020281,2,3,20016.084736488418,65890.03662361103,32819.46493671878,35,1832.0,649.6024060444881,0.3545864661814892,35.45864661814892
ceacce0,da569da,MuScaRi_ClimateDEM_Area,Climate + DEM + area,ad74a3020281,2,4,69619.01628614723,782531.9648156572,207420.5103674639,36,2297.8888888888887,702.8997479308412,0.3058893540630323,30.58893540630323
ceacce0,da569da,MuScaRi_ClimateDEM_Area,Climate + DEM + area,ad74a3020281,3,0,34.88949903172141,389.58643402739835,147.27817355026383,36,719.3611111111111,220.18159875201619,0.3060793742546466,30.60793742546466
ceacce0,da569da,MuScaRi_ClimateDEM_Area,Climate + DEM + area,ad74a3020281,3,1,393.71516676538124,5044.166239992103,1245.4932965571754,35,1077.3428571428572,405.4289930392714,0.3763230900462646,37.63230900462646
ceacce0,da569da,MuScaRi_ClimateDEM_Area,Climate + DEM + area,ad74a3020281,3,2,5592.307825066546,19810.215511983595,11336.636571217578,36,1902.888888888889,656.453520974955,0.3449773262159638,34.49773262159638
ceacce0,da569da,MuScaRi_ClimateDEM_Area,Climate + DEM + area,ad74a3020281,3,3,20016.084736488418,65890.03662361103,32819.46493671878,35,1832.0,662.6509806964149,0.36170905059847974,36.170905059847975
ceacce0,da569da,MuScaRi_ClimateDEM_Area,Climate + DEM + area,ad74a3020281,3,4,69619.01628614723,782531.9648156572,207420.5103674639,36,2297.8888888888887,504.5251438782218,0.21956028697374386,21.956028697374386
ceacce0,da569da,MuScaRi_ClimateDEM_Area,Climate + DEM + area,ad74a3020281,4,0,34.88949903172141,389.58643402739835,147.27817355026383,36,719.3611111111111,206.48035703498041,0.28703297112635806,28.703297112635806
ceacce0,da569da,MuScaRi_ClimateDEM_Area,Climate + DEM + area,ad74a3020281,4,1,393.71516676538124,5044.166239992103,1245.4932965571754,35,1077.3428571428572,337.1751853958851,0.3129692494458848,31.296924944588476
ceacce0,da569da,MuScaRi_ClimateDEM_Area,Climate + DEM + area,ad74a3020281,4,2,5592.307825066546,19810.215511983595,11336.636571217578,36,1902.888888888889,618.8505073205007,0.3252163123837736,32.52163123837736
ceacce0,da569da,MuScaRi_ClimateDEM_Area,Climate + DEM + area,ad74a3020281,4,3,20016.084736488418,65890.03662361103,32819.46493671878,35,1832.0,690.6249961081724,0.376978709666033,37.6978709666033
ceacce0,da569da,MuScaRi_ClimateDEM_Area,Climate + DEM + area,ad74a3020281,4,4,69619.01628614723,782531.9648156572,207420.5103674639,36,2297.8888888888887,524.2637891722587,0.22815019111988438,22.815019111988438
