dataset_id,model_name,model_label,config_hash,fold,area_bin,bin_left_km2,bin_right_km2,area_center_km2,n_samples,mean_sr,rmse,relative_rmse,relative_rmse_percent
ceacce0,MuScaRi_Area,Area only,ac733d9bd2f6,0,0,3.9999999999999987,7.446582266544274,5.470901072879041,3482,47.22716829408386,33.29232532115203,0.7049401123065546,70.49401123065546
ceacce0,MuScaRi_Area,Area only,ac733d9bd2f6,0,1,7.446582266544274,13.862896863102918,10.128015560701755,3557,48.826820354231096,34.16781103206238,0.6997754673390598,69.97754673390598
ceacce0,MuScaRi_Area,Area only,ac733d9bd2f6,0,2,13.862896863102918,25.807800485928613,18.90571782238057,3515,51.18890469416785,36.038200287924894,0.7040236649570442,70.40236649570441
ceacce0,MuScaRi_Area,Area only,ac733d9bd2f6,0,3,25.807800485928613,48.04497735925719,35.15629229666929,3643,59.74938237716168,41.543052256207886,0.6952883963548233,69.52883963548233
ceacce0,MuScaRi_Area,Area only,ac733d9bd2f6,0,4,48.04497735925719,89.44271909999146,65.3385068564795,3688,67.04175704989154,45.35930615431685,0.6765828962472012,67.65828962472013
ceacce0,MuScaRi_Area,Area only,ac733d9bd2f6,0,5,89.44271909999146,166.51064148037437,122.33566249869897,3508,75.98859749144812,49.79371465711455,0.6552787694590418,65.52787694590418
ceacce0,MuScaRi_Area,Area only,ac733d9bd2f6,0,6,166.51064148037437,309.98379750966797,226.6210732252303,3475,88.87510791366907,56.27259386995561,0.6331648443635908,63.316484436359076
ceacce0,MuScaRi_Area,Area only,ac733d9bd2f6,0,7,309.98379750966797,577.0799623628864,423.6732472221319,3509,106.39327443716158,62.04729781998439,0.5831881587273734,58.31881587273734
ceacce0,MuScaRi_Area,Area only,ac733d9bd2f6,0,8,577.0799623628864,1074.318353527377,785.3473858267545,3537,125.91518235793045,69.71524609098248,0.5536683089796728,55.366830897967276
ceacce0,MuScaRi_Area,Area only,ac733d9bd2f6,0,9,1074.318353527377,2000.0000000000023,1472.7428754782327,3557,156.54287320775936,81.588315792973,0.5211883116818181,52.118831168181806
ceacce0,MuScaRi_Area,Area only,ac733d9bd2f6,0,10,2000.0000000000023,3723.2911332721424,2757.071956583055,3582,188.61557788944722,94.62786858334309,0.501696994713804,50.1696994713804
ceacce0,MuScaRi_Area,Area only,ac733d9bd2f6,0,11,3723.2911332721424,6931.448431551469,5112.268653564093,3630,232.12424242424242,107.40858293545966,0.4627202303977975,46.272023039779754
ceacce0,MuScaRi_Area,Area only,ac733d9bd2f6,0,12,6931.448431551469,12903.900242964326,9436.295067861149,3596,269.40906562847607,121.51202031423307,0.4510316682579722,45.10316682579722
ceacce0,MuScaRi_Area,Area only,ac733d9bd2f6,0,13,12903.900242964326,24022.48867962863,17541.770562512833,3561,320.2019095759618,143.25117358656917,0.447377636742624,44.737763674262396
ceacce0,MuScaRi_Area,Area only,ac733d9bd2f6,0,14,24022.48867962863,44721.359549995796,32684.360388172696,3615,382.51424619640386,163.66351834915704,0.4278625436217693,42.786254362176926
ceacce0,MuScaRi_Area,Area only,ac733d9bd2f6,0,15,44721.359549995796,83255.32074018731,60917.506682361054,3617,439.0605474149848,203.3356895529846,0.46311537383658113,46.31153738365811
ceacce0,MuScaRi_Area,Area only,ac733d9bd2f6,0,16,83255.32074018731,154991.89875483367,113401.00201645277,3586,515.9350250976017,237.10559937594198,0.4595648441023899,45.95648441023899
ceacce0,MuScaRi_Area,Area only,ac733d9bd2f6,0,17,154991.89875483367,288539.98118144256,211130.20180377868,3449,601.648593795303,265.69960496507883,0.4416192569968459,44.16192569968459
ceacce0,MuScaRi_Area,Area only,ac733d9bd2f6,0,18,288539.98118144256,537159.1767636873,394422.9476402418,3495,698.7041487839771,319.47159037802646,0.45723442594985875,45.723442594985876
ceacce0,MuScaRi_Area,Area only,ac733d9bd2f6,0,19,537159.1767636873,999999.9999999991,732231.513646473,3462,821.6658001155402,365.1553205791887,0.44440856675285945,44.44085667528594
ceacce0,MuScaRi_Area,Area only,ac733d9bd2f6,1,0,3.9999999999999987,7.446582266544274,5.450814254461662,3199,43.96280087527352,31.740344146083242,0.7219818463371681,72.1981846337168
ceacce0,MuScaRi_Area,Area only,ac733d9bd2f6,1,1,7.446582266544274,13.862896863102918,10.165543144473936,3204,47.052434456928836,32.12204561404547,0.682686156089321,68.26861560893211
ceacce0,MuScaRi_Area,Area only,ac733d9bd2f6,1,2,13.862896863102918,25.807800485928613,18.9129372116542,3324,49.09596871239471,34.558694926524915,0.7039008666672926,70.39008666672926
ceacce0,MuScaRi_Area,Area only,ac733d9bd2f6,1,3,25.807800485928613,48.04497735925719,35.226147163085855,3227,54.4893089556864,38.428757025109455,0.7052531544557072,70.52531544557073
ceacce0,MuScaRi_Area,Area only,ac733d9bd2f6,1,4,48.04497735925719,89.44271909999146,65.74681759201896,3317,63.355441664154355,43.611350781972504,0.6883599835536656,68.83599835536656
ceacce0,MuScaRi_Area,Area only,ac733d9bd2f6,1,5,89.44271909999146,166.51064148037437,122.59608048926917,3241,71.86701635297747,47.40799760175935,0.6596628051025972,65.96628051025972
ceacce0,MuScaRi_Area,Area only,ac733d9bd2f6,1,6,166.51064148037437,309.98379750966797,226.96368420719458,3210,88.19470404984423,55.81473495890328,0.6328581240814523,63.285812408145226
ceacce0,MuScaRi_Area,Area only,ac733d9bd2f6,1,7,309.98379750966797,577.0799623628864,424.35049762480696,3200,104.3821875,61.83063763696451,0.5923485521604394,59.23485521604393
ceacce0,MuScaRi_Area,Area only,ac733d9bd2f6,1,8,577.0799623628864,1074.318353527377,789.0968946524519,3206,127.37991266375546,72.45041154874855,0.5687742284766341,56.87742284766341
ceacce0,MuScaRi_Area,Area only,ac733d9bd2f6,1,9,1074.318353527377,2000.0000000000023,1462.4214555308486,3356,157.25923718712752,81.99608157196337,0.5214070921277186,52.14070921277187
ceacce0,MuScaRi_Area,Area only,ac733d9bd2f6,1,10,2000.0000000000023,3723.2911332721424,2736.2669624512528,3238,188.90982087708463,91.52723356561795,0.48450225160697563,48.45022516069756
ceacce0,MuScaRi_Area,Area only,ac733d9bd2f6,1,11,3723.2911332721424,6931.448431551469,5075.617841240097,3417,225.32543166520338,104.1656584891719,0.46228984326964473,46.22898432696447
ceacce0,MuScaRi_Area,Area only,ac733d9bd2f6,1,12,6931.448431551469,12903.900242964326,9419.000503865536,3342,272.93955715140635,123.65929953191171,0.45306477676782786,45.306477676782784
ceacce0,MuScaRi_Area,Area only,ac733d9bd2f6,1,13,12903.900242964326,24022.48867962863,17556.92512164604,3251,329.2949861581052,144.30491540247888,0.438223846302942,43.822384630294195
ceacce0,MuScaRi_Area,Area only,ac733d9bd2f6,1,14,24022.48867962863,44721.359549995796,32892.786493320826,3258,394.24953959484344,167.0077124677461,0.4236091502842949,42.36091502842949
ceacce0,MuScaRi_Area,Area only,ac733d9bd2f6,1,15,44721.359549995796,83255.32074018731,61065.28126109947,3153,448.98445924516335,193.86364924435668,0.4317825377971477,43.17825377971477
ceacce0,MuScaRi_Area,Area only,ac733d9bd2f6,1,16,83255.32074018731,154991.89875483367,113351.7209094478,3314,545.627942063971,234.44749619354224,0.42968381587403187,42.96838158740319
ceacce0,MuScaRi_Area,Area only,ac733d9bd2f6,1,17,154991.89875483367,288539.98118144256,211399.28879100023,3350,608.3140298507462,274.94125802767064,0.4519725742559797,45.19725742559797
ceacce0,MuScaRi_Area,Area only,ac733d9bd2f6,1,18,288539.98118144256,537159.1767636873,393239.5511371539,3266,723.2480097979179,316.14695617100966,0.4371210869413163,43.71210869413163
ceacce0,MuScaRi_Area,Area only,ac733d9bd2f6,1,19,537159.1767636873,999999.9999999991,733752.8405338472,3371,872.6309700385642,383.49331818967215,0.4394679209846568,43.94679209846568
ceacce0,MuScaRi_Area,Area only,ac733d9bd2f6,2,0,3.9999999999999987,7.446582266544274,5.468739454135014,3778,46.81709899417681,33.02619499321578,0.705430189028236,70.54301890282359
ceacce0,MuScaRi_Area,Area only,ac733d9bd2f6,2,1,7.446582266544274,13.862896863102918,10.146205040865391,3741,50.9585672280139,33.554336910327585,0.6584631149496186,65.84631149496187
ceacce0,MuScaRi_Area,Area only,ac733d9bd2f6,2,2,13.862896863102918,25.807800485928613,18.952837814009353,3822,52.80429094714809,33.262863563988695,0.6299272836990001,62.99272836990001
ceacce0,MuScaRi_Area,Area only,ac733d9bd2f6,2,3,25.807800485928613,48.04497735925719,35.064208202707945,3866,57.30832902224522,36.123738457914676,0.6303401106651116,63.03401106651116
ceacce0,MuScaRi_Area,Area only,ac733d9bd2f6,2,4,48.04497735925719,89.44271909999146,65.60034664572935,3841,66.71726112991408,41.906524651868786,0.6281211779702257,62.81211779702257
ceacce0,MuScaRi_Area,Area only,ac733d9bd2f6,2,5,89.44271909999146,166.51064148037437,121.87367136225669,3769,74.92438312549749,44.61631741147684,0.5954846146246545,59.548461462465454
ceacce0,MuScaRi_Area,Area only,ac733d9bd2f6,2,6,166.51064148037437,309.98379750966797,226.6293154786688,3758,88.0915380521554,52.02266348079069,0.5905523348904431,59.05523348904431
ceacce0,MuScaRi_Area,Area only,ac733d9bd2f6,2,7,309.98379750966797,577.0799623628864,422.70099854593616,3788,101.89730728616684,59.517362926260546,0.5840916164655156,58.40916164655156
ceacce0,MuScaRi_Area,Area only,ac733d9bd2f6,2,8,577.0799623628864,1074.318353527377,786.8301831749283,3754,120.02184336707512,67.13627891803542,0.5593671704633434,55.936717046334344
ceacce0,MuScaRi_Area,Area only,ac733d9bd2f6,2,9,1074.318353527377,2000.0000000000023,1466.8166601400997,3757,146.51104604737822,79.85773552625459,0.5450628992194245,54.506289921942454
ceacce0,MuScaRi_Area,Area only,ac733d9bd2f6,2,10,2000.0000000000023,3723.2911332721424,2728.916896843157,3838,174.05940594059405,88.13634181754254,0.5063578227287712,50.635782272877115
ceacce0,MuScaRi_Area,Area only,ac733d9bd2f6,2,11,3723.2911332721424,6931.448431551469,5062.777433643301,3718,205.97660032275417,96.40622664997798,0.4680445569978077,46.804455699780775
ceacce0,MuScaRi_Area,Area only,ac733d9bd2f6,2,12,6931.448431551469,12903.900242964326,9420.977518526306,3777,251.6155679110405,111.1368023408854,0.4416928700539633,44.16928700539633
ceacce0,MuScaRi_Area,Area only,ac733d9bd2f6,2,13,12903.900242964326,24022.48867962863,17671.42447573556,3792,304.0970464135021,131.8841677308037,0.4336910512161685,43.369105121616855
ceacce0,MuScaRi_Area,Area only,ac733d9bd2f6,2,14,24022.48867962863,44721.359549995796,32737.029579398943,3842,354.45314940135347,151.8412196135323,0.42838163483659686,42.838163483659685
ceacce0,MuScaRi_Area,Area only,ac733d9bd2f6,2,15,44721.359549995796,83255.32074018731,60975.27033211481,3732,413.2489281886388,180.02434440803268,0.43563172733954586,43.56317273395459
ceacce0,MuScaRi_Area,Area only,ac733d9bd2f6,2,16,83255.32074018731,154991.89875483367,113464.28700321143,3882,486.2073673364245,214.1500090929535,0.4404499468326141,44.044994683261415
ceacce0,MuScaRi_Area,Area only,ac733d9bd2f6,2,17,154991.89875483367,288539.98118144256,211644.5124589058,3863,576.6624385192855,249.84370697466187,0.43325815986245525,43.32581598624552
ceacce0,MuScaRi_Area,Area only,ac733d9bd2f6,2,18,288539.98118144256,537159.1767636873,394135.91276104667,3813,665.1051665355363,301.239164975977,0.45291959848259866,45.291959848259864
ceacce0,MuScaRi_Area,Area only,ac733d9bd2f6,2,19,537159.1767636873,999999.9999999991,732075.3738223397,3709,796.42626044756,348.03339905550837,0.4369938766960388,43.69938766960388
ceacce0,MuScaRi_Area,Area only,ac733d9bd2f6,3,0,3.9999999999999987,7.446582266544274,5.443398390255261,3614,47.197565024903156,32.0795002472087,0.6796854928910503,67.96854928910503
ceacce0,MuScaRi_Area,Area only,ac733d9bd2f6,3,1,7.446582266544274,13.862896863102918,10.163398500349413,3665,47.88103683492496,33.17224313929287,0.692805447251649,69.2805447251649
ceacce0,MuScaRi_Area,Area only,ac733d9bd2f6,3,2,13.862896863102918,25.807800485928613,18.926007334566002,3563,50.84619702497895,35.887628457930305,0.7058075246079853,70.58075246079854
ceacce0,MuScaRi_Area,Area only,ac733d9bd2f6,3,3,25.807800485928613,48.04497735925719,35.11548271874198,3623,56.40988131382832,38.531934693113186,0.6830706570493611,68.30706570493611
ceacce0,MuScaRi_Area,Area only,ac733d9bd2f6,3,4,48.04497735925719,89.44271909999146,65.93161248509062,3750,64.07813333333333,43.63365385269943,0.6809445216782133,68.09445216782133
ceacce0,MuScaRi_Area,Area only,ac733d9bd2f6,3,5,89.44271909999146,166.51064148037437,122.56730183004706,3656,72.8230306345733,48.44611658450789,0.6652581767382216,66.52581767382216
ceacce0,MuScaRi_Area,Area only,ac733d9bd2f6,3,6,166.51064148037437,309.98379750966797,226.596524417441,3699,85.74479589078129,55.759611526754455,0.6502973264730736,65.02973264730736
ceacce0,MuScaRi_Area,Area only,ac733d9bd2f6,3,7,309.98379750966797,577.0799623628864,422.6874643445802,3664,104.92248908296943,63.25170879661123,0.60284224430278,60.284224430278
ceacce0,MuScaRi_Area,Area only,ac733d9bd2f6,3,8,577.0799623628864,1074.318353527377,787.040107230885,3686,120.94112859468258,69.8009253798994,0.577147957778925,57.7147957778925
ceacce0,MuScaRi_Area,Area only,ac733d9bd2f6,3,9,1074.318353527377,2000.0000000000023,1467.7226080299338,3706,144.78494333513223,79.2197639626033,0.5471547119318486,54.71547119318486
ceacce0,MuScaRi_Area,Area only,ac733d9bd2f6,3,10,2000.0000000000023,3723.2911332721424,2726.5750720978317,3528,176.59410430839003,91.14008294202972,0.5160992395469209,51.60992395469209
ceacce0,MuScaRi_Area,Area only,ac733d9bd2f6,3,11,3723.2911332721424,6931.448431551469,5071.257785959866,3654,220.54542966611933,106.46741607716297,0.48274596412332144,48.274596412332144
ceacce0,MuScaRi_Area,Area only,ac733d9bd2f6,3,12,6931.448431551469,12903.900242964326,9427.76312637773,3650,261.9578082191781,119.4295977605161,0.45591157817517797,45.5911578175178
ceacce0,MuScaRi_Area,Area only,ac733d9bd2f6,3,13,12903.900242964326,24022.48867962863,17576.015466598856,3490,305.82521489971344,136.11870794238587,0.4450866093138267,44.50866093138267
ceacce0,MuScaRi_Area,Area only,ac733d9bd2f6,3,14,24022.48867962863,44721.359549995796,32886.017075570024,3628,362.38313120176406,158.15399970653158,0.43642759855307994,43.64275985530799
ceacce0,MuScaRi_Area,Area only,ac733d9bd2f6,3,15,44721.359549995796,83255.32074018731,61070.319006933154,3591,427.11584516847677,186.92969550270817,0.43765572646684026,43.76557264668403
ceacce0,MuScaRi_Area,Area only,ac733d9bd2f6,3,16,83255.32074018731,154991.89875483367,113693.71897556708,3736,503.7644539614561,228.69671806691437,0.4539754964220091,45.39754964220091
ceacce0,MuScaRi_Area,Area only,ac733d9bd2f6,3,17,154991.89875483367,288539.98118144256,210690.58521063018,3631,598.605342880749,267.26468118609824,0.44647894370588886,44.64789437058889
ceacce0,MuScaRi_Area,Area only,ac733d9bd2f6,3,18,288539.98118144256,537159.1767636873,392505.3957295843,3659,673.7365400382619,311.39248964851106,0.46218732567306936,46.21873256730694
ceacce0,MuScaRi_Area,Area only,ac733d9bd2f6,3,19,537159.1767636873,999999.9999999991,731434.196180409,3603,834.6719400499584,378.4633681129579,0.45342768811696893,45.34276881169689
ceacce0,MuScaRi_Area,Area only,ac733d9bd2f6,4,0,3.9999999999999987,7.446582266544274,5.458133440857214,3361,45.62659922642071,31.734579522534432,0.6955280485633496,69.55280485633496
ceacce0,MuScaRi_Area,Area only,ac733d9bd2f6,4,1,7.446582266544274,13.862896863102918,10.150635328636897,3273,46.83348609838069,31.176923306910894,0.6656972586114803,66.56972586114803
ceacce0,MuScaRi_Area,Area only,ac733d9bd2f6,4,2,13.862896863102918,25.807800485928613,18.893741625918935,3292,50.598724179829894,34.18506760217034,0.6756112561390925,67.56112561390924
ceacce0,MuScaRi_Area,Area only,ac733d9bd2f6,4,3,25.807800485928613,48.04497735925719,35.21182009150792,3362,56.687983343248064,35.92526332443751,0.6337368381391972,63.373683813919726
ceacce0,MuScaRi_Area,Area only,ac733d9bd2f6,4,4,48.04497735925719,89.44271909999146,65.47458678454436,3467,65.51716181136429,42.10735519171006,0.642691991343348,64.2691991343348
ceacce0,MuScaRi_Area,Area only,ac733d9bd2f6,4,5,89.44271909999146,166.51064148037437,122.78384326213734,3411,76.90647903840517,48.22636142905548,0.6270780047669643,62.707800476696434
ceacce0,MuScaRi_Area,Area only,ac733d9bd2f6,4,6,166.51064148037437,309.98379750966797,226.82687119488358,3429,86.58850976961213,52.63833496921733,0.6079136262914474,60.79136262914474
ceacce0,MuScaRi_Area,Area only,ac733d9bd2f6,4,7,309.98379750966797,577.0799623628864,422.1028173462932,3360,105.19166666666666,60.29070498136961,0.5731509623516085,57.315096235160844
ceacce0,MuScaRi_Area,Area only,ac733d9bd2f6,4,8,577.0799623628864,1074.318353527377,785.768743824437,3368,123.19061757719714,69.4586912139341,0.5638310171666113,56.38310171666114
ceacce0,MuScaRi_Area,Area only,ac733d9bd2f6,4,9,1074.318353527377,2000.0000000000023,1470.3793433478468,3349,152.72051358614513,76.39220759459118,0.500209210935508,50.0209210935508
ceacce0,MuScaRi_Area,Area only,ac733d9bd2f6,4,10,2000.0000000000023,3723.2911332721424,2736.2987901371916,3412,179.97186400937866,89.211602629118,0.49569749760700943,49.569749760700944
ceacce0,MuScaRi_Area,Area only,ac733d9bd2f6,4,11,3723.2911332721424,6931.448431551469,5105.521328245859,3418,228.72908133411352,102.59328640013653,0.44853625871156494,44.853625871156495
ceacce0,MuScaRi_Area,Area only,ac733d9bd2f6,4,12,6931.448431551469,12903.900242964326,9438.11071072439,3335,271.76701649175413,116.90587994975623,0.43016949392496767,43.01694939249677
ceacce0,MuScaRi_Area,Area only,ac733d9bd2f6,4,13,12903.900242964326,24022.48867962863,17484.830977887188,3430,316.9428571428571,135.5140898062188,0.42756631598464423,42.75663159846442
ceacce0,MuScaRi_Area,Area only,ac733d9bd2f6,4,14,24022.48867962863,44721.359549995796,32798.313515458896,3380,398.67692307692306,158.22826425828038,0.39688342891055894,39.688342891055896
ceacce0,MuScaRi_Area,Area only,ac733d9bd2f6,4,15,44721.359549995796,83255.32074018731,61140.197242489,3491,459.964766542538,189.35957912413392,0.4116827915918681,41.16827915918681
ceacce0,MuScaRi_Area,Area only,ac733d9bd2f6,4,16,83255.32074018731,154991.89875483367,113030.0698992343,3456,539.5179398148148,225.6261647095069,0.41819955938249476,41.81995593824948
ceacce0,MuScaRi_Area,Area only,ac733d9bd2f6,4,17,154991.89875483367,288539.98118144256,211726.80740256666,3443,639.8945686900959,275.9888970065961,0.43130370300151577,43.130370300151576
ceacce0,MuScaRi_Area,Area only,ac733d9bd2f6,4,18,288539.98118144256,537159.1767636873,394024.4291608173,3354,725.6961836613,312.87749271776147,0.4311411576387578,43.11411576387578
ceacce0,MuScaRi_Area,Area only,ac733d9bd2f6,4,19,537159.1767636873,999999.9999999991,737272.3066268894,3373,845.0465461013935,370.6659685209925,0.4386337891457614,43.86337891457614
ceacce0,MuScaRi_ClimateDEM,Climate + DEM,dae0789a3c87,0,0,3.9999999999999987,7.446582266544274,5.470156829993845,3418,47.41691047396138,29.825602368125647,0.6290077120166684,62.900771201666835
ceacce0,MuScaRi_ClimateDEM,Climate + DEM,dae0789a3c87,0,1,7.446582266544274,13.862896863102918,10.126539139047228,3519,48.947996589940324,29.61326514092711,0.6049944268201808,60.49944268201808
ceacce0,MuScaRi_ClimateDEM,Climate + DEM,dae0789a3c87,0,2,13.862896863102918,25.807800485928613,18.890532931203765,3464,51.4385103926097,33.12969393917986,0.6440640229725565,64.40640229725565
ceacce0,MuScaRi_ClimateDEM,Climate + DEM,dae0789a3c87,0,3,25.807800485928613,48.04497735925719,35.1509448293089,3591,60.06432748538012,35.72582498944315,0.5947927244859097,59.47927244859097
ceacce0,MuScaRi_ClimateDEM,Climate + DEM,dae0789a3c87,0,4,48.04497735925719,89.44271909999146,65.33032249617095,3632,67.45897577092511,37.633433823592945,0.557871408415498,55.7871408415498
ceacce0,MuScaRi_ClimateDEM,Climate + DEM,dae0789a3c87,0,5,89.44271909999146,166.51064148037437,122.33655065530706,3458,76.39097744360902,38.668906054387534,0.5061972938221991,50.61972938221991
ceacce0,MuScaRi_ClimateDEM,Climate + DEM,dae0789a3c87,0,6,166.51064148037437,309.98379750966797,226.66854734205302,3420,89.48040935672515,40.42364910251639,0.45175976946375296,45.17597694637529
ceacce0,MuScaRi_ClimateDEM,Climate + DEM,dae0789a3c87,0,7,309.98379750966797,577.0799623628864,423.9122727903203,3460,107.06387283236994,42.24967438716921,0.39462120386135835,39.46212038613584
ceacce0,MuScaRi_ClimateDEM,Climate + DEM,dae0789a3c87,0,8,577.0799623628864,1074.318353527377,785.430359077415,3480,126.89655172413794,43.174278497132526,0.3402320859828379,34.02320859828379
ceacce0,MuScaRi_ClimateDEM,Climate + DEM,dae0789a3c87,0,9,1074.318353527377,2000.0000000000023,1472.1443572188189,3509,157.7748646337988,43.32076900494964,0.2745733238656152,27.45733238656152
ceacce0,MuScaRi_ClimateDEM,Climate + DEM,dae0789a3c87,0,10,2000.0000000000023,3723.2911332721424,2757.83290740605,3541,189.95622705450438,45.7575695304907,0.24088480930589035,24.088480930589036
ceacce0,MuScaRi_ClimateDEM,Climate + DEM,dae0789a3c87,0,11,3723.2911332721424,6931.448431551469,5112.862880864769,3588,234.06521739130434,44.47871995661968,0.19002703798685847,19.002703798685847
ceacce0,MuScaRi_ClimateDEM,Climate + DEM,dae0789a3c87,0,12,6931.448431551469,12903.900242964326,9437.73187131164,3563,270.89671625035083,46.15319608036271,0.17037192890042255,17.037192890042256
ceacce0,MuScaRi_ClimateDEM,Climate + DEM,dae0789a3c87,0,13,12903.900242964326,24022.48867962863,17542.763410239568,3529,322.18900538396144,46.94655272947466,0.14571121902042303,14.571121902042304
ceacce0,MuScaRi_ClimateDEM,Climate + DEM,dae0789a3c87,0,14,24022.48867962863,44721.359549995796,32679.912704033835,3582,384.47571189279734,52.01779494896179,0.13529539926690043,13.529539926690042
ceacce0,MuScaRi_ClimateDEM,Climate + DEM,dae0789a3c87,0,15,44721.359549995796,83255.32074018731,60916.06474426433,3587,441.2051853916922,52.374660021663956,0.11870816970377827,11.870816970377827
ceacce0,MuScaRi_ClimateDEM,Climate + DEM,dae0789a3c87,0,16,83255.32074018731,154991.89875483367,113419.94881444096,3552,518.7074887387388,54.6587018721867,0.10537480768803213,10.537480768803213
ceacce0,MuScaRi_ClimateDEM,Climate + DEM,dae0789a3c87,0,17,154991.89875483367,288539.98118144256,211094.54104579787,3424,603.9953271028037,57.41026297018868,0.09505083962415675,9.505083962415675
ceacce0,MuScaRi_ClimateDEM,Climate + DEM,dae0789a3c87,0,18,288539.98118144256,537159.1767636873,394447.8316800359,3487,699.7123601950101,61.93444575988312,0.08851415136159944,8.851415136159945
ceacce0,MuScaRi_ClimateDEM,Climate + DEM,dae0789a3c87,0,19,537159.1767636873,999999.9999999991,732302.5486449993,3460,821.7627167630058,63.621110233058744,0.07742029290847824,7.742029290847824
ceacce0,MuScaRi_ClimateDEM,Climate + DEM,dae0789a3c87,1,0,3.9999999999999987,7.446582266544274,5.451597087333129,3154,43.955928979074194,30.806838002799452,0.7008573978146488,70.08573978146488
ceacce0,MuScaRi_ClimateDEM,Climate + DEM,dae0789a3c87,1,1,7.446582266544274,13.862896863102918,10.161836749109513,3145,47.19809220985692,31.783086907771605,0.6733977035862898,67.33977035862898
ceacce0,MuScaRi_ClimateDEM,Climate + DEM,dae0789a3c87,1,2,13.862896863102918,25.807800485928613,18.908498679557216,3276,48.98199023199023,32.058557538502285,0.6544968341765088,65.44968341765089
ceacce0,MuScaRi_ClimateDEM,Climate + DEM,dae0789a3c87,1,3,25.807800485928613,48.04497735925719,35.23263364078647,3166,54.62792166771952,35.87232143920643,0.6566664142451522,65.66664142451522
ceacce0,MuScaRi_ClimateDEM,Climate + DEM,dae0789a3c87,1,4,48.04497735925719,89.44271909999146,65.77098057172356,3260,63.747852760736194,36.806387057620555,0.5773745383356735,57.73745383356736
ceacce0,MuScaRi_ClimateDEM,Climate + DEM,dae0789a3c87,1,5,89.44271909999146,166.51064148037437,122.64417966746798,3179,72.4388172381252,39.66829053504497,0.5476109639483069,54.76109639483069
ceacce0,MuScaRi_ClimateDEM,Climate + DEM,dae0789a3c87,1,6,166.51064148037437,309.98379750966797,226.76679828715638,3162,88.67235926628716,42.1869541915018,0.47576217144299093,47.57621714429909
ceacce0,MuScaRi_ClimateDEM,Climate + DEM,dae0789a3c87,1,7,309.98379750966797,577.0799623628864,424.2890183909074,3141,104.98248965297675,43.66343819246641,0.41591162808957394,41.59116280895739
ceacce0,MuScaRi_ClimateDEM,Climate + DEM,dae0789a3c87,1,8,577.0799623628864,1074.318353527377,789.4236936045835,3148,128.37801778907243,46.35755106614161,0.3611019383576086,36.11019383576086
ceacce0,MuScaRi_ClimateDEM,Climate + DEM,dae0789a3c87,1,9,1074.318353527377,2000.0000000000023,1462.7428364528125,3296,158.2851941747573,46.785065909327045,0.2955744923158969,29.557449231589686
ceacce0,MuScaRi_ClimateDEM,Climate + DEM,dae0789a3c87,1,10,2000.0000000000023,3723.2911332721424,2736.8492055455995,3190,190.3746081504702,45.98559095080299,0.24155317454130454,24.155317454130454
ceacce0,MuScaRi_ClimateDEM,Climate + DEM,dae0789a3c87,1,11,3723.2911332721424,6931.448431551469,5072.619700415974,3356,227.39988081048867,47.51816690538229,0.20896302467714636,20.896302467714637
ceacce0,MuScaRi_ClimateDEM,Climate + DEM,dae0789a3c87,1,12,6931.448431551469,12903.900242964326,9413.836519086533,3287,275.4021904472163,48.53971941786149,0.17625030265387318,17.625030265387316
ceacce0,MuScaRi_ClimateDEM,Climate + DEM,dae0789a3c87,1,13,12903.900242964326,24022.48867962863,17561.534231081303,3201,332.63511402686663,49.97656017200249,0.15024439111971183,15.024439111971182
ceacce0,MuScaRi_ClimateDEM,Climate + DEM,dae0789a3c87,1,14,24022.48867962863,44721.359549995796,32904.802095954044,3216,397.3694029850746,52.6819353916499,0.13257672834369852,13.257672834369853
ceacce0,MuScaRi_ClimateDEM,Climate + DEM,dae0789a3c87,1,15,44721.359549995796,83255.32074018731,61106.030574533106,3110,452.83376205787783,52.275558596910464,0.11544094759928479,11.544094759928479
ceacce0,MuScaRi_ClimateDEM,Climate + DEM,dae0789a3c87,1,16,83255.32074018731,154991.89875483367,113395.64723485683,3283,548.2220530003046,55.21899672535481,0.1007237786644167,10.07237786644167
ceacce0,MuScaRi_ClimateDEM,Climate + DEM,dae0789a3c87,1,17,154991.89875483367,288539.98118144256,211408.36375209314,3328,610.4696514423077,58.30518733906493,0.0955087401991433,9.55087401991433
ceacce0,MuScaRi_ClimateDEM,Climate + DEM,dae0789a3c87,1,18,288539.98118144256,537159.1767636873,393402.15307925525,3256,724.8934275184275,62.382505546611135,0.08605748538811976,8.605748538811977
ceacce0,MuScaRi_ClimateDEM,Climate + DEM,dae0789a3c87,1,19,537159.1767636873,999999.9999999991,733787.9422649251,3370,872.772997032641,65.38674528557044,0.07491838714978602,7.491838714978602
ceacce0,MuScaRi_ClimateDEM,Climate + DEM,dae0789a3c87,2,0,3.9999999999999987,7.446582266544274,5.46751957353402,3714,46.864028002154015,29.34489058598241,0.626170899877271,62.617089987727105
ceacce0,MuScaRi_ClimateDEM,Climate + DEM,dae0789a3c87,2,1,7.446582266544274,13.862896863102918,10.146594022998164,3682,50.824551873981534,31.685819323281684,0.6234352917040182,62.34352917040182
ceacce0,MuScaRi_ClimateDEM,Climate + DEM,dae0789a3c87,2,2,13.862896863102918,25.807800485928613,18.95323563931916,3765,52.83001328021248,31.89414515855048,0.6037126091447804,60.37126091447804
ceacce0,MuScaRi_ClimateDEM,Climate + DEM,dae0789a3c87,2,3,25.807800485928613,48.04497735925719,35.07799961822343,3802,57.405312993161495,35.267219950817044,0.6143546322100589,61.43546322100589
ceacce0,MuScaRi_ClimateDEM,Climate + DEM,dae0789a3c87,2,4,48.04497735925719,89.44271909999146,65.59060586564136,3770,67.06259946949602,38.11164326221611,0.5682995225908519,56.829952259085196
ceacce0,MuScaRi_ClimateDEM,Climate + DEM,dae0789a3c87,2,5,89.44271909999146,166.51064148037437,121.85279721374211,3724,75.16111707841031,40.67405605197601,0.5411582162828105,54.11582162828105
ceacce0,MuScaRi_ClimateDEM,Climate + DEM,dae0789a3c87,2,6,166.51064148037437,309.98379750966797,226.5981648149672,3702,88.38114532685034,43.34374581005656,0.4904184670809947,49.04184670809947
ceacce0,MuScaRi_ClimateDEM,Climate + DEM,dae0789a3c87,2,7,309.98379750966797,577.0799623628864,422.88177086697044,3728,102.35971030042919,45.10723169168779,0.4406736943597881,44.06736943597881
ceacce0,MuScaRi_ClimateDEM,Climate + DEM,dae0789a3c87,2,8,577.0799623628864,1074.318353527377,786.4469808560586,3696,120.79329004329004,45.27915840252555,0.37484829154250504,37.484829154250505
ceacce0,MuScaRi_ClimateDEM,Climate + DEM,dae0789a3c87,2,9,1074.318353527377,2000.0000000000023,1467.5167052307272,3700,147.48324324324324,47.82883741145166,0.32430014664491646,32.430014664491644
ceacce0,MuScaRi_ClimateDEM,Climate + DEM,dae0789a3c87,2,10,2000.0000000000023,3723.2911332721424,2727.7947995475365,3770,175.83236074270556,47.52614664619903,0.2702923764741108,27.02923764741108
ceacce0,MuScaRi_ClimateDEM,Climate + DEM,dae0789a3c87,2,11,3723.2911332721424,6931.448431551469,5065.926058091826,3652,207.97480832420592,46.97233343603857,0.2258558804045861,22.58558804045861
ceacce0,MuScaRi_ClimateDEM,Climate + DEM,dae0789a3c87,2,12,6931.448431551469,12903.900242964326,9415.78540825972,3726,253.53515834675255,46.770460940456374,0.18447327481299378,18.44732748129938
ceacce0,MuScaRi_ClimateDEM,Climate + DEM,dae0789a3c87,2,13,12903.900242964326,24022.48867962863,17669.992785722578,3738,306.78731942215086,46.15107364532073,0.15043344598547478,15.043344598547478
ceacce0,MuScaRi_ClimateDEM,Climate + DEM,dae0789a3c87,2,14,24022.48867962863,44721.359549995796,32750.363209834817,3788,357.26451953537486,49.83494386825901,0.13949032479651133,13.949032479651134
ceacce0,MuScaRi_ClimateDEM,Climate + DEM,dae0789a3c87,2,15,44721.359549995796,83255.32074018731,60983.59496717611,3682,416.2577403585008,52.843629704838776,0.126949302274421,12.6949302274421
ceacce0,MuScaRi_ClimateDEM,Climate + DEM,dae0789a3c87,2,16,83255.32074018731,154991.89875483367,113509.69277285668,3840,489.9328125,53.95774568700598,0.1101329494786716,11.01329494786716
ceacce0,MuScaRi_ClimateDEM,Climate + DEM,dae0789a3c87,2,17,154991.89875483367,288539.98118144256,211662.2964835433,3841,578.9062744077063,58.3805443216796,0.10084628013646979,10.084628013646979
ceacce0,MuScaRi_ClimateDEM,Climate + DEM,dae0789a3c87,2,18,288539.98118144256,537159.1767636873,394156.8181137069,3805,666.3455978975032,65.5310122383238,0.09834388108076574,9.834388108076574
ceacce0,MuScaRi_ClimateDEM,Climate + DEM,dae0789a3c87,2,19,537159.1767636873,999999.9999999991,732107.5692828711,3708,796.5660733549083,73.310463812675,0.09203312350965728,9.203312350965728
ceacce0,MuScaRi_ClimateDEM,Climate + DEM,dae0789a3c87,3,0,3.9999999999999987,7.446582266544274,5.44724678723655,3566,47.28323051037577,28.68744044235233,0.6067148993987879,60.67148993987878
ceacce0,MuScaRi_ClimateDEM,Climate + DEM,dae0789a3c87,3,1,7.446582266544274,13.862896863102918,10.15918302589806,3607,47.994455225949544,28.506919149148327,0.5939627612177847,59.39627612177846
ceacce0,MuScaRi_ClimateDEM,Climate + DEM,dae0789a3c87,3,2,13.862896863102918,25.807800485928613,18.935303348851708,3499,51.079165475850246,30.877492943294172,0.6045026901994467,60.45026901994467
ceacce0,MuScaRi_ClimateDEM,Climate + DEM,dae0789a3c87,3,3,25.807800485928613,48.04497735925719,35.11906543366689,3569,56.6074530680863,32.645316636942205,0.576696439560301,57.6696439560301
ceacce0,MuScaRi_ClimateDEM,Climate + DEM,dae0789a3c87,3,4,48.04497735925719,89.44271909999146,65.94065161820365,3682,64.42585551330798,35.17732710943623,0.546012572579186,54.601257257918604
ceacce0,MuScaRi_ClimateDEM,Climate + DEM,dae0789a3c87,3,5,89.44271909999146,166.51064148037437,122.60711479280023,3585,73.3673640167364,36.747170240492146,0.5008653470514419,50.08653470514419
ceacce0,MuScaRi_ClimateDEM,Climate + DEM,dae0789a3c87,3,6,166.51064148037437,309.98379750966797,226.60804357387494,3643,86.23057919297283,38.83334794183923,0.4503431184769761,45.03431184769761
ceacce0,MuScaRi_ClimateDEM,Climate + DEM,dae0789a3c87,3,7,309.98379750966797,577.0799623628864,422.9043350978749,3606,105.55268996117582,41.94154503865027,0.3973517401979724,39.73517401979724
ceacce0,MuScaRi_ClimateDEM,Climate + DEM,dae0789a3c87,3,8,577.0799623628864,1074.318353527377,787.2275644193625,3614,121.98367459878251,46.9197211909542,0.38463934903812524,38.46393490381252
ceacce0,MuScaRi_ClimateDEM,Climate + DEM,dae0789a3c87,3,9,1074.318353527377,2000.0000000000023,1468.0062663926642,3645,145.93360768175583,48.62733777117325,0.33321548438120663,33.321548438120665
ceacce0,MuScaRi_ClimateDEM,Climate + DEM,dae0789a3c87,3,10,2000.0000000000023,3723.2911332721424,2727.5000785599345,3484,177.65470723306544,52.0856728597556,0.293184873460315,29.3184873460315
ceacce0,MuScaRi_ClimateDEM,Climate + DEM,dae0789a3c87,3,11,3723.2911332721424,6931.448431551469,5072.5658966185865,3598,222.30377987770984,51.16377419500671,0.23015251572938658,23.01525157293866
ceacce0,MuScaRi_ClimateDEM,Climate + DEM,dae0789a3c87,3,12,6931.448431551469,12903.900242964326,9431.165711301659,3614,263.7102933038185,52.14339487281765,0.197729842925561,19.7729842925561
ceacce0,MuScaRi_ClimateDEM,Climate + DEM,dae0789a3c87,3,13,12903.900242964326,24022.48867962863,17578.420995726243,3440,308.4290697674419,51.17974328930426,0.16593683380069918,16.59368338006992
ceacce0,MuScaRi_ClimateDEM,Climate + DEM,dae0789a3c87,3,14,24022.48867962863,44721.359549995796,32888.37699522121,3588,364.58082497212934,55.598937908519424,0.15250099319614446,15.250099319614446
ceacce0,MuScaRi_ClimateDEM,Climate + DEM,dae0789a3c87,3,15,44721.359549995796,83255.32074018731,61124.83227805884,3536,430.947963800905,55.69203490606078,0.12923146083546672,12.923146083546673
ceacce0,MuScaRi_ClimateDEM,Climate + DEM,dae0789a3c87,3,16,83255.32074018731,154991.89875483367,113687.51051502604,3702,506.4597514856834,56.15926216761173,0.11088593319186835,11.088593319186835
ceacce0,MuScaRi_ClimateDEM,Climate + DEM,dae0789a3c87,3,17,154991.89875483367,288539.98118144256,210774.15025171483,3614,600.0810736026564,64.49931059159879,0.10748432741657671,10.748432741657671
ceacce0,MuScaRi_ClimateDEM,Climate + DEM,dae0789a3c87,3,18,288539.98118144256,537159.1767636873,392484.0664038016,3653,674.4212975636464,76.26069166089107,0.11307574647536128,11.307574647536129
ceacce0,MuScaRi_ClimateDEM,Climate + DEM,dae0789a3c87,3,19,537159.1767636873,999999.9999999991,731489.4935117766,3601,835.113579561233,87.86290110464333,0.1052107201403746,10.52107201403746
ceacce0,MuScaRi_ClimateDEM,Climate + DEM,dae0789a3c87,4,0,3.9999999999999987,7.446582266544274,5.456681705745022,3306,45.827586206896555,30.679901771197358,0.6694636202894833,66.94636202894833
ceacce0,MuScaRi_ClimateDEM,Climate + DEM,dae0789a3c87,4,1,7.446582266544274,13.862896863102918,10.145690206085638,3213,46.90694055399938,30.429691510673983,0.6487247121914348,64.87247121914348
ceacce0,MuScaRi_ClimateDEM,Climate + DEM,dae0789a3c87,4,2,13.862896863102918,25.807800485928613,18.89959554082513,3231,50.83596409780254,35.23657960779543,0.693142743196614,69.3142743196614
ceacce0,MuScaRi_ClimateDEM,Climate + DEM,dae0789a3c87,4,3,25.807800485928613,48.04497735925719,35.19777484025031,3301,56.86610118146017,36.17096641958891,0.6360725576062807,63.60725576062807
ceacce0,MuScaRi_ClimateDEM,Climate + DEM,dae0789a3c87,4,4,48.04497735925719,89.44271909999146,65.47244489097363,3413,65.81511866393203,37.65024849785655,0.5720607857612149,57.206078576121485
ceacce0,MuScaRi_ClimateDEM,Climate + DEM,dae0789a3c87,4,5,89.44271909999146,166.51064148037437,122.7720712853702,3348,77.24313022700119,46.51365808825,0.6021721019274622,60.217210192746215
ceacce0,MuScaRi_ClimateDEM,Climate + DEM,dae0789a3c87,4,6,166.51064148037437,309.98379750966797,226.73784617219155,3362,87.30011897679952,44.17940309148923,0.5060634923444965,50.60634923444966
ceacce0,MuScaRi_ClimateDEM,Climate + DEM,dae0789a3c87,4,7,309.98379750966797,577.0799623628864,422.4727634949091,3300,106.01575757575758,49.82411487158197,0.4699689556618813,46.99689556618813
ceacce0,MuScaRi_ClimateDEM,Climate + DEM,dae0789a3c87,4,8,577.0799623628864,1074.318353527377,786.0093657054266,3308,124.34733978234583,50.70262729203261,0.4077499959450769,40.77499959450769
ceacce0,MuScaRi_ClimateDEM,Climate + DEM,dae0789a3c87,4,9,1074.318353527377,2000.0000000000023,1470.161798181273,3300,154.13090909090909,49.03214769465857,0.31812014854034604,31.812014854034604
ceacce0,MuScaRi_ClimateDEM,Climate + DEM,dae0789a3c87,4,10,2000.0000000000023,3723.2911332721424,2736.8151086022194,3366,181.19043374925727,46.63190399925442,0.2573640508184145,25.736405081841454
ceacce0,MuScaRi_ClimateDEM,Climate + DEM,dae0789a3c87,4,11,3723.2911332721424,6931.448431551469,5107.46340378587,3378,230.66163410301954,53.6343712115778,0.23252402342568718,23.25240234256872
ceacce0,MuScaRi_ClimateDEM,Climate + DEM,dae0789a3c87,4,12,6931.448431551469,12903.900242964326,9445.678400389997,3294,274.0506982392228,50.54537552772356,0.1844380468740925,18.443804687409248
ceacce0,MuScaRi_ClimateDEM,Climate + DEM,dae0789a3c87,4,13,12903.900242964326,24022.48867962863,17474.20384143906,3386,319.3230950974601,55.083112402864174,0.17249961950310028,17.249961950310027
ceacce0,MuScaRi_ClimateDEM,Climate + DEM,dae0789a3c87,4,14,24022.48867962863,44721.359549995796,32759.758616231757,3329,402.5911685190748,51.014519930494714,0.12671544713251115,12.671544713251116
ceacce0,MuScaRi_ClimateDEM,Climate + DEM,dae0789a3c87,4,15,44721.359549995796,83255.32074018731,61144.43313595659,3443,463.52686610514087,53.14698760047251,0.11465783644225118,11.465783644225118
ceacce0,MuScaRi_ClimateDEM,Climate + DEM,dae0789a3c87,4,16,83255.32074018731,154991.89875483367,112997.79190080728,3417,543.8135791630085,54.46998309680145,0.10016296978210254,10.016296978210255
ceacce0,MuScaRi_ClimateDEM,Climate + DEM,dae0789a3c87,4,17,154991.89875483367,288539.98118144256,211804.86214770796,3425,641.8700729927008,57.074661382760674,0.08891933708118172,8.891933708118172
ceacce0,MuScaRi_ClimateDEM,Climate + DEM,dae0789a3c87,4,18,288539.98118144256,537159.1767636873,394096.6999308904,3344,727.0092703349283,64.59351261588786,0.08884826542325941,8.884826542325941
ceacce0,MuScaRi_ClimateDEM,Climate + DEM,dae0789a3c87,4,19,537159.1767636873,999999.9999999991,737333.7117269462,3372,845.1301897983393,67.01149660750208,0.079291329805047,7.9291329805047
ceacce0,MuScaRi_ClimateDEM_Area,Climate + DEM + area,ad74a3020281,0,0,3.9999999999999987,7.446582266544274,5.470156829993845,3418,47.41691047396138,29.148369191660638,0.6147251877084492,61.47251877084492
ceacce0,MuScaRi_ClimateDEM_Area,Climate + DEM + area,ad74a3020281,0,1,7.446582266544274,13.862896863102918,10.126539139047228,3519,48.947996589940324,28.843844483216223,0.5892752817823016,58.927528178230155
ceacce0,MuScaRi_ClimateDEM_Area,Climate + DEM + area,ad74a3020281,0,2,13.862896863102918,25.807800485928613,18.890532931203765,3464,51.4385103926097,31.596856746273676,0.6142646142959317,61.426461429593175
ceacce0,MuScaRi_ClimateDEM_Area,Climate + DEM + area,ad74a3020281,0,3,25.807800485928613,48.04497735925719,35.1509448293089,3591,60.06432748538012,34.87335091481735,0.5806000395710025,58.06000395710025
ceacce0,MuScaRi_ClimateDEM_Area,Climate + DEM + area,ad74a3020281,0,4,48.04497735925719,89.44271909999146,65.33032249617095,3632,67.45897577092511,36.72621139335493,0.5444229025662729,54.442290256627295
ceacce0,MuScaRi_ClimateDEM_Area,Climate + DEM + area,ad74a3020281,0,5,89.44271909999146,166.51064148037437,122.33655065530706,3458,76.39097744360902,37.86208093617707,0.495635508318066,49.5635508318066
ceacce0,MuScaRi_ClimateDEM_Area,Climate + DEM + area,ad74a3020281,0,6,166.51064148037437,309.98379750966797,226.66854734205302,3420,89.48040935672515,40.483278670745925,0.4524261674905189,45.24261674905189
ceacce0,MuScaRi_ClimateDEM_Area,Climate + DEM + area,ad74a3020281,0,7,309.98379750966797,577.0799623628864,423.9122727903203,3460,107.06387283236994,42.114146073904024,0.3933553397591193,39.33553397591193
ceacce0,MuScaRi_ClimateDEM_Area,Climate + DEM + area,ad74a3020281,0,8,577.0799623628864,1074.318353527377,785.430359077415,3480,126.89655172413794,43.91183999370878,0.34604439125477027,34.60443912547703
ceacce0,MuScaRi_ClimateDEM_Area,Climate + DEM + area,ad74a3020281,0,9,1074.318353527377,2000.0000000000023,1472.1443572188189,3509,157.7748646337988,44.42850646213794,0.28159432470601775,28.159432470601775
ceacce0,MuScaRi_ClimateDEM_Area,Climate + DEM + area,ad74a3020281,0,10,2000.0000000000023,3723.2911332721424,2757.83290740605,3541,189.95622705450438,47.86390023176147,0.25197331497865466,25.197331497865466
ceacce0,MuScaRi_ClimateDEM_Area,Climate + DEM + area,ad74a3020281,0,11,3723.2911332721424,6931.448431551469,5112.862880864769,3588,234.06521739130434,46.75341718745637,0.1997452577898201,19.97452577898201
ceacce0,MuScaRi_ClimateDEM_Area,Climate + DEM + area,ad74a3020281,0,12,6931.448431551469,12903.900242964326,9437.73187131164,3563,270.89671625035083,46.82088589561552,0.17283666832028233,17.28366683202823
ceacce0,MuScaRi_ClimateDEM_Area,Climate + DEM + area,ad74a3020281,0,13,12903.900242964326,24022.48867962863,17542.763410239568,3529,322.18900538396144,48.56298995645137,0.15072826553649005,15.072826553649005
ceacce0,MuScaRi_ClimateDEM_Area,Climate + DEM + area,ad74a3020281,0,14,24022.48867962863,44721.359549995796,32679.912704033835,3582,384.47571189279734,51.59465545716548,0.13419483692002768,13.419483692002768
ceacce0,MuScaRi_ClimateDEM_Area,Climate + DEM + area,ad74a3020281,0,15,44721.359549995796,83255.32074018731,60916.06474426433,3587,441.2051853916922,51.355943763835256,0.11639922980107903,11.639922980107903
ceacce0,MuScaRi_ClimateDEM_Area,Climate + DEM + area,ad74a3020281,0,16,83255.32074018731,154991.89875483367,113419.94881444096,3552,518.7074887387388,55.323766033541375,0.10665696415539261,10.66569641553926
ceacce0,MuScaRi_ClimateDEM_Area,Climate + DEM + area,ad74a3020281,0,17,154991.89875483367,288539.98118144256,211094.54104579787,3424,603.9953271028037,57.49478308716236,0.09519077467527559,9.51907746752756
ceacce0,MuScaRi_ClimateDEM_Area,Climate + DEM + area,ad74a3020281,0,18,288539.98118144256,537159.1767636873,394447.8316800359,3487,699.7123601950101,59.534176880427566,0.08508378623443978,8.508378623443978
ceacce0,MuScaRi_ClimateDEM_Area,Climate + DEM + area,ad74a3020281,0,19,537159.1767636873,999999.9999999991,732302.5486449993,3460,821.7627167630058,61.08461680494308,0.07433364347017428,7.433364347017428
ceacce0,MuScaRi_ClimateDEM_Area,Climate + DEM + area,ad74a3020281,1,0,3.9999999999999987,7.446582266544274,5.451597087333129,3154,43.955928979074194,30.54621298081109,0.6949281630551597,69.49281630551597
ceacce0,MuScaRi_ClimateDEM_Area,Climate + DEM + area,ad74a3020281,1,1,7.446582266544274,13.862896863102918,10.161836749109513,3145,47.19809220985692,30.821567786238308,0.6530257123359212,65.30257123359212
ceacce0,MuScaRi_ClimateDEM_Area,Climate + DEM + area,ad74a3020281,1,2,13.862896863102918,25.807800485928613,18.908498679557216,3276,48.98199023199023,31.426950591557937,0.641602157093097,64.1602157093097
ceacce0,MuScaRi_ClimateDEM_Area,Climate + DEM + area,ad74a3020281,1,3,25.807800485928613,48.04497735925719,35.23263364078647,3166,54.62792166771952,34.69352192190098,0.6350877145377822,63.50877145377822
ceacce0,MuScaRi_ClimateDEM_Area,Climate + DEM + area,ad74a3020281,1,4,48.04497735925719,89.44271909999146,65.77098057172356,3260,63.747852760736194,36.70235394355633,0.575742591382814,57.574259138281406
ceacce0,MuScaRi_ClimateDEM_Area,Climate + DEM + area,ad74a3020281,1,5,89.44271909999146,166.51064148037437,122.64417966746798,3179,72.4388172381252,38.3870508898485,0.5299237667514684,52.992376675146836
ceacce0,MuScaRi_ClimateDEM_Area,Climate + DEM + area,ad74a3020281,1,6,166.51064148037437,309.98379750966797,226.76679828715638,3162,88.67235926628716,42.80902884457553,0.4827776005825903,48.27776005825903
ceacce0,MuScaRi_ClimateDEM_Area,Climate + DEM + area,ad74a3020281,1,7,309.98379750966797,577.0799623628864,424.2890183909074,3141,104.98248965297675,43.11057194281249,0.4106453570049251,41.06453570049251
ceacce0,MuScaRi_ClimateDEM_Area,Climate + DEM + area,ad74a3020281,1,8,577.0799623628864,1074.318353527377,789.4236936045835,3148,128.37801778907243,46.886243452899414,0.3652201853586369,36.52201853586369
ceacce0,MuScaRi_ClimateDEM_Area,Climate + DEM + area,ad74a3020281,1,9,1074.318353527377,2000.0000000000023,1462.7428364528125,3296,158.2851941747573,46.56989452116129,0.29421510182275834,29.42151018227583
ceacce0,MuScaRi_ClimateDEM_Area,Climate + DEM + area,ad74a3020281,1,10,2000.0000000000023,3723.2911332721424,2736.8492055455995,3190,190.3746081504702,46.16095873172207,0.24247434665886167,24.247434665886168
ceacce0,MuScaRi_ClimateDEM_Area,Climate + DEM + area,ad74a3020281,1,11,3723.2911332721424,6931.448431551469,5072.619700415974,3356,227.39988081048867,47.108309362831164,0.2071606598689929,20.71606598689929
ceacce0,MuScaRi_ClimateDEM_Area,Climate + DEM + area,ad74a3020281,1,12,6931.448431551469,12903.900242964326,9413.836519086533,3287,275.4021904472163,48.92736784109672,0.1776578746946247,17.76578746946247
ceacce0,MuScaRi_ClimateDEM_Area,Climate + DEM + area,ad74a3020281,1,13,12903.900242964326,24022.48867962863,17561.534231081303,3201,332.63511402686663,50.711766737910466,0.15245464053387497,15.245464053387497
ceacce0,MuScaRi_ClimateDEM_Area,Climate + DEM + area,ad74a3020281,1,14,24022.48867962863,44721.359549995796,32904.802095954044,3216,397.3694029850746,52.17464060264763,0.1313000956055173,13.13000956055173
ceacce0,MuScaRi_ClimateDEM_Area,Climate + DEM + area,ad74a3020281,1,15,44721.359549995796,83255.32074018731,61106.030574533106,3110,452.83376205787783,51.315962655808846,0.11332185661821306,11.332185661821306
ceacce0,MuScaRi_ClimateDEM_Area,Climate + DEM + area,ad74a3020281,1,16,83255.32074018731,154991.89875483367,113395.64723485683,3283,548.2220530003046,54.7139111331601,0.09980246295040907,9.980246295040907
ceacce0,MuScaRi_ClimateDEM_Area,Climate + DEM + area,ad74a3020281,1,17,154991.89875483367,288539.98118144256,211408.36375209314,3328,610.4696514423077,57.143469964175985,0.09360575063669042,9.360575063669042
ceacce0,MuScaRi_ClimateDEM_Area,Climate + DEM + area,ad74a3020281,1,18,288539.98118144256,537159.1767636873,393402.15307925525,3256,724.8934275184275,59.87693747666717,0.0826010213413682,8.260102134136819
ceacce0,MuScaRi_ClimateDEM_Area,Climate + DEM + area,ad74a3020281,1,19,537159.1767636873,999999.9999999991,733787.9422649251,3370,872.772997032641,62.82766983479145,0.07198626681668721,7.198626681668721
ceacce0,MuScaRi_ClimateDEM_Area,Climate + DEM + area,ad74a3020281,2,0,3.9999999999999987,7.446582266544274,5.46751957353402,3714,46.864028002154015,29.22391995096758,0.6235895887913083,62.35895887913083
ceacce0,MuScaRi_ClimateDEM_Area,Climate + DEM + area,ad74a3020281,2,1,7.446582266544274,13.862896863102918,10.146594022998164,3682,50.824551873981534,30.345373197867648,0.5970613036216905,59.70613036216905
ceacce0,MuScaRi_ClimateDEM_Area,Climate + DEM + area,ad74a3020281,2,2,13.862896863102918,25.807800485928613,18.95323563931916,3765,52.83001328021248,30.598143873850308,0.5791810748098158,57.91810748098158
ceacce0,MuScaRi_ClimateDEM_Area,Climate + DEM + area,ad74a3020281,2,3,25.807800485928613,48.04497735925719,35.07799961822343,3802,57.405312993161495,33.535369050026105,0.5841858061817564,58.418580618175646
ceacce0,MuScaRi_ClimateDEM_Area,Climate + DEM + area,ad74a3020281,2,4,48.04497735925719,89.44271909999146,65.59060586564136,3770,67.06259946949602,36.24312554266343,0.5404372307272239,54.04372307272239
ceacce0,MuScaRi_ClimateDEM_Area,Climate + DEM + area,ad74a3020281,2,5,89.44271909999146,166.51064148037437,121.85279721374211,3724,75.16111707841031,39.07750408930226,0.519916488848023,51.991648884802295
ceacce0,MuScaRi_ClimateDEM_Area,Climate + DEM + area,ad74a3020281,2,6,166.51064148037437,309.98379750966797,226.5981648149672,3702,88.38114532685034,41.787947321112476,0.4728151820908484,47.28151820908484
ceacce0,MuScaRi_ClimateDEM_Area,Climate + DEM + area,ad74a3020281,2,7,309.98379750966797,577.0799623628864,422.88177086697044,3728,102.35971030042919,45.28735158252311,0.44243337002032546,44.24333700203255
ceacce0,MuScaRi_ClimateDEM_Area,Climate + DEM + area,ad74a3020281,2,8,577.0799623628864,1074.318353527377,786.4469808560586,3696,120.79329004329004,45.43604373405963,0.37614708331709656,37.61470833170966
ceacce0,MuScaRi_ClimateDEM_Area,Climate + DEM + area,ad74a3020281,2,9,1074.318353527377,2000.0000000000023,1467.5167052307272,3700,147.48324324324324,48.69672043473613,0.3301847678683124,33.01847678683124
ceacce0,MuScaRi_ClimateDEM_Area,Climate + DEM + area,ad74a3020281,2,10,2000.0000000000023,3723.2911332721424,2727.7947995475365,3770,175.83236074270556,46.89573654683596,0.26670708593543946,26.670708593543946
ceacce0,MuScaRi_ClimateDEM_Area,Climate + DEM + area,ad74a3020281,2,11,3723.2911332721424,6931.448431551469,5065.926058091826,3652,207.97480832420592,46.50559406386199,0.22361166931028378,22.36116693102838
ceacce0,MuScaRi_ClimateDEM_Area,Climate + DEM + area,ad74a3020281,2,12,6931.448431551469,12903.900242964326,9415.78540825972,3726,253.53515834675255,46.004841474292725,0.18145349849811862,18.14534984981186
ceacce0,MuScaRi_ClimateDEM_Area,Climate + DEM + area,ad74a3020281,2,13,12903.900242964326,24022.48867962863,17669.992785722578,3738,306.78731942215086,45.631478986351794,0.14873978191895593,14.873978191895594
ceacce0,MuScaRi_ClimateDEM_Area,Climate + DEM + area,ad74a3020281,2,14,24022.48867962863,44721.359549995796,32750.363209834817,3788,357.26451953537486,49.05545745418002,0.13730850608388712,13.73085060838871
ceacce0,MuScaRi_ClimateDEM_Area,Climate + DEM + area,ad74a3020281,2,15,44721.359549995796,83255.32074018731,60983.59496717611,3682,416.2577403585008,50.84317660522688,0.12214349830813558,12.214349830813557
ceacce0,MuScaRi_ClimateDEM_Area,Climate + DEM + area,ad74a3020281,2,16,83255.32074018731,154991.89875483367,113509.69277285668,3840,489.9328125,50.28971135938907,0.10264613856494673,10.264613856494673
ceacce0,MuScaRi_ClimateDEM_Area,Climate + DEM + area,ad74a3020281,2,17,154991.89875483367,288539.98118144256,211662.2964835433,3841,578.9062744077063,54.16325129291466,0.09356134781632909,9.356134781632909
ceacce0,MuScaRi_ClimateDEM_Area,Climate + DEM + area,ad74a3020281,2,18,288539.98118144256,537159.1767636873,394156.8181137069,3805,666.3455978975032,58.28478612104081,0.08746930467454836,8.746930467454836
ceacce0,MuScaRi_ClimateDEM_Area,Climate + DEM + area,ad74a3020281,2,19,537159.1767636873,999999.9999999991,732107.5692828711,3708,796.5660733549083,64.62208654349008,0.08112583338042549,8.11258333804255
ceacce0,MuScaRi_ClimateDEM_Area,Climate + DEM + area,ad74a3020281,3,0,3.9999999999999987,7.446582266544274,5.44724678723655,3566,47.28323051037577,27.410522884125083,0.5797091820557851,57.97091820557851
ceacce0,MuScaRi_ClimateDEM_Area,Climate + DEM + area,ad74a3020281,3,1,7.446582266544274,13.862896863102918,10.15918302589806,3607,47.994455225949544,28.51475182351942,0.594125960786031,59.4125960786031
ceacce0,MuScaRi_ClimateDEM_Area,Climate + DEM + area,ad74a3020281,3,2,13.862896863102918,25.807800485928613,18.935303348851708,3499,51.079165475850246,29.852766858762784,0.584441162666937,58.4441162666937
ceacce0,MuScaRi_ClimateDEM_Area,Climate + DEM + area,ad74a3020281,3,3,25.807800485928613,48.04497735925719,35.11906543366689,3569,56.6074530680863,31.01958020375884,0.5479769627940885,54.79769627940885
ceacce0,MuScaRi_ClimateDEM_Area,Climate + DEM + area,ad74a3020281,3,4,48.04497735925719,89.44271909999146,65.94065161820365,3682,64.42585551330798,35.420855845307955,0.5497925570889987,54.97925570889986
ceacce0,MuScaRi_ClimateDEM_Area,Climate + DEM + area,ad74a3020281,3,5,89.44271909999146,166.51064148037437,122.60711479280023,3585,73.3673640167364,35.814344667881045,0.48815089853454674,48.81508985345467
ceacce0,MuScaRi_ClimateDEM_Area,Climate + DEM + area,ad74a3020281,3,6,166.51064148037437,309.98379750966797,226.60804357387494,3643,86.23057919297283,37.850923090743635,0.43895012007327694,43.89501200732769
ceacce0,MuScaRi_ClimateDEM_Area,Climate + DEM + area,ad74a3020281,3,7,309.98379750966797,577.0799623628864,422.9043350978749,3606,105.55268996117582,41.377937544642165,0.3920121558234254,39.20121558234254
ceacce0,MuScaRi_ClimateDEM_Area,Climate + DEM + area,ad74a3020281,3,8,577.0799623628864,1074.318353527377,787.2275644193625,3614,121.98367459878251,43.48007859521525,0.35644178401926263,35.64417840192626
ceacce0,MuScaRi_ClimateDEM_Area,Climate + DEM + area,ad74a3020281,3,9,1074.318353527377,2000.0000000000023,1468.0062663926642,3645,145.93360768175583,45.92105221881348,0.3146708489449232,31.46708489449232
ceacce0,MuScaRi_ClimateDEM_Area,Climate + DEM + area,ad74a3020281,3,10,2000.0000000000023,3723.2911332721424,2727.5000785599345,3484,177.65470723306544,51.20014899391972,0.2882003510706315,28.820035107063152
ceacce0,MuScaRi_ClimateDEM_Area,Climate + DEM + area,ad74a3020281,3,11,3723.2911332721424,6931.448431551469,5072.5658966185865,3598,222.30377987770984,51.176593971044994,0.23021018355692124,23.021018355692124
ceacce0,MuScaRi_ClimateDEM_Area,Climate + DEM + area,ad74a3020281,3,12,6931.448431551469,12903.900242964326,9431.165711301659,3614,263.7102933038185,51.83182006190962,0.19654833875670755,19.654833875670754
ceacce0,MuScaRi_ClimateDEM_Area,Climate + DEM + area,ad74a3020281,3,13,12903.900242964326,24022.48867962863,17578.420995726243,3440,308.4290697674419,51.49214663896092,0.16694971935617622,16.694971935617623
ceacce0,MuScaRi_ClimateDEM_Area,Climate + DEM + area,ad74a3020281,3,14,24022.48867962863,44721.359549995796,32888.37699522121,3588,364.58082497212934,55.18689810668627,0.15137081910686082,15.137081910686081
ceacce0,MuScaRi_ClimateDEM_Area,Climate + DEM + area,ad74a3020281,3,15,44721.359549995796,83255.32074018731,61124.83227805884,3536,430.947963800905,53.20640204415855,0.12346363485485581,12.34636348548558
ceacce0,MuScaRi_ClimateDEM_Area,Climate + DEM + area,ad74a3020281,3,16,83255.32074018731,154991.89875483367,113687.51051502604,3702,506.4597514856834,54.19740000077778,0.10701225485695842,10.701225485695842
ceacce0,MuScaRi_ClimateDEM_Area,Climate + DEM + area,ad74a3020281,3,17,154991.89875483367,288539.98118144256,210774.15025171483,3614,600.0810736026564,62.74341215665388,0.1045582254077212,10.45582254077212
ceacce0,MuScaRi_ClimateDEM_Area,Climate + DEM + area,ad74a3020281,3,18,288539.98118144256,537159.1767636873,392484.0664038016,3653,674.4212975636464,67.31766192696556,0.09981544498987692,9.981544498987692
ceacce0,MuScaRi_ClimateDEM_Area,Climate + DEM + area,ad74a3020281,3,19,537159.1767636873,999999.9999999991,731489.4935117766,3601,835.113579561233,73.61003276791955,0.08814373825245916,8.814373825245916
ceacce0,MuScaRi_ClimateDEM_Area,Climate + DEM + area,ad74a3020281,4,0,3.9999999999999987,7.446582266544274,5.456681705745022,3306,45.827586206896555,28.902262717246927,0.63067390428906,63.067390428906
ceacce0,MuScaRi_ClimateDEM_Area,Climate + DEM + area,ad74a3020281,4,1,7.446582266544274,13.862896863102918,10.145690206085638,3213,46.90694055399938,28.585907360637407,0.6094174342436435,60.94174342436435
ceacce0,MuScaRi_ClimateDEM_Area,Climate + DEM + area,ad74a3020281,4,2,13.862896863102918,25.807800485928613,18.89959554082513,3231,50.83596409780254,32.18174207451983,0.6330506885362864,63.30506885362865
ceacce0,MuScaRi_ClimateDEM_Area,Climate + DEM + area,ad74a3020281,4,3,25.807800485928613,48.04497735925719,35.19777484025031,3301,56.86610118146017,33.44173025665168,0.5880784784231797,58.807847842317976
ceacce0,MuScaRi_ClimateDEM_Area,Climate + DEM + area,ad74a3020281,4,4,48.04497735925719,89.44271909999146,65.47244489097363,3413,65.81511866393203,35.46233991495462,0.5388175336435073,53.88175336435073
ceacce0,MuScaRi_ClimateDEM_Area,Climate + DEM + area,ad74a3020281,4,5,89.44271909999146,166.51064148037437,122.7720712853702,3348,77.24313022700119,38.4321124334703,0.4975473200079602,49.75473200079602
ceacce0,MuScaRi_ClimateDEM_Area,Climate + DEM + area,ad74a3020281,4,6,166.51064148037437,309.98379750966797,226.73784617219155,3362,87.30011897679952,39.71725991360489,0.4549508108248967,45.49508108248967
ceacce0,MuScaRi_ClimateDEM_Area,Climate + DEM + area,ad74a3020281,4,7,309.98379750966797,577.0799623628864,422.4727634949091,3300,106.01575757575758,43.268395288654844,0.4081317369989624,40.81317369989624
ceacce0,MuScaRi_ClimateDEM_Area,Climate + DEM + area,ad74a3020281,4,8,577.0799623628864,1074.318353527377,786.0093657054266,3308,124.34733978234583,45.937373899399944,0.3694278782305071,36.94278782305071
ceacce0,MuScaRi_ClimateDEM_Area,Climate + DEM + area,ad74a3020281,4,9,1074.318353527377,2000.0000000000023,1470.161798181273,3300,154.13090909090909,46.03404704221189,0.29866849753711766,29.866849753711765
ceacce0,MuScaRi_ClimateDEM_Area,Climate + DEM + area,ad74a3020281,4,10,2000.0000000000023,3723.2911332721424,2736.8151086022194,3366,181.19043374925727,45.537402519300414,0.2513234367677376,25.13234367677376
ceacce0,MuScaRi_ClimateDEM_Area,Climate + DEM + area,ad74a3020281,4,11,3723.2911332721424,6931.448431551469,5107.46340378587,3378,230.66163410301954,53.614586921033364,0.23243825150864786,23.243825150864787
ceacce0,MuScaRi_ClimateDEM_Area,Climate + DEM + area,ad74a3020281,4,12,6931.448431551469,12903.900242964326,9445.678400389997,3294,274.0506982392228,50.318060766268246,0.18360858443186626,18.360858443186626
ceacce0,MuScaRi_ClimateDEM_Area,Climate + DEM + area,ad74a3020281,4,13,12903.900242964326,24022.48867962863,17474.20384143906,3386,319.3230950974601,53.552132325288426,0.16770516491750734,16.770516491750733
ceacce0,MuScaRi_ClimateDEM_Area,Climate + DEM + area,ad74a3020281,4,14,24022.48867962863,44721.359549995796,32759.758616231757,3329,402.5911685190748,53.16277856524897,0.13205152701388706,13.205152701388707
ceacce0,MuScaRi_ClimateDEM_Area,Climate + DEM + area,ad74a3020281,4,15,44721.359549995796,83255.32074018731,61144.43313595659,3443,463.52686610514087,56.592943824084976,0.12209204678817498,12.209204678817498
ceacce0,MuScaRi_ClimateDEM_Area,Climate + DEM + area,ad74a3020281,4,16,83255.32074018731,154991.89875483367,112997.79190080728,3417,543.8135791630085,59.08790862258369,0.10865471346546139,10.865471346546139
ceacce0,MuScaRi_ClimateDEM_Area,Climate + DEM + area,ad74a3020281,4,17,154991.89875483367,288539.98118144256,211804.86214770796,3425,641.8700729927008,62.02397135878238,0.09663010314470247,9.663010314470247
ceacce0,MuScaRi_ClimateDEM_Area,Climate + DEM + area,ad74a3020281,4,18,288539.98118144256,537159.1767636873,394096.6999308904,3344,727.0092703349283,65.43623640563138,0.09000743054553534,9.000743054553533
ceacce0,MuScaRi_ClimateDEM_Area,Climate + DEM + area,ad74a3020281,4,19,537159.1767636873,999999.9999999991,737333.7117269462,3372,845.1301897983393,70.19104208665983,0.08305352587559138,8.305352587559138
