experiment,fold,config_hash,train_frac,n_train_samples,train_r2,train_d2,train_rmse,train_nrmse,train_mape,train_mean_relative_bias,train_median_relative_bias,train_log1p_r2,train_log1p_d2,train_log1p_rmse,train_log1p_mae,train_bias_slope_log_area,val_r2,val_d2,val_rmse,val_nrmse,val_mape,val_mean_relative_bias,val_median_relative_bias,val_log1p_r2,val_log1p_d2,val_log1p_rmse,val_log1p_mae,val_bias_slope_log_area,test_r2,test_d2,test_rmse,test_nrmse,test_mape,test_mean_relative_bias,test_median_relative_bias,test_log1p_r2,test_log1p_d2,test_log1p_rmse,test_log1p_mae,test_bias_slope_log_area,gift_r2,gift_d2,gift_rmse,gift_nrmse,gift_mape,gift_mean_relative_bias,gift_median_relative_bias,gift_log1p_r2,gift_log1p_d2,gift_log1p_rmse,gift_log1p_mae,gift_bias_slope_log_area,interp_r2,interp_d2,interp_rmse,interp_nrmse,interp_mape,interp_mean_relative_bias,interp_median_relative_bias,interp_log1p_r2,interp_log1p_d2,interp_log1p_rmse,interp_log1p_mae,interp_bias_slope_log_area,extrap_r2,extrap_d2,extrap_rmse,extrap_nrmse,extrap_mape,extrap_mean_relative_bias,extrap_median_relative_bias,extrap_log1p_r2,extrap_log1p_d2,extrap_log1p_rmse,extrap_log1p_mae,extrap_bias_slope_log_area,scaling_result_source,model_family,architecture_variant,effort_transform,asymptote_transform,weibull_parameterization,target_transform,layer_label,layer_size_base,layer_sizes,ridge_alpha,n_val_samples,n_test_samples,n_gift_samples,train_prediction_min,train_prediction_mean,train_prediction_max,train_prediction_finite_fraction,val_prediction_min,val_prediction_mean,val_prediction_max,val_prediction_finite_fraction,test_prediction_min,test_prediction_mean,test_prediction_max,test_prediction_finite_fraction,gift_prediction_min,gift_prediction_mean,gift_prediction_max,gift_prediction_finite_fraction
MuScaRi_ClimateDEM_Area,0,d4450347fce2,0.0001,21,0.9824134170035216,0.8778698450149278,101.41090399139824,0.1878310965209969,2.0362843737702168,1.920132130285918,0.0013803907050402,0.6602926031306182,0.6697738861659922,0.8450723480926311,0.3830437839926151,0.3825801249573473,0.4580707132711847,0.1292998430969599,324.9054057431344,1.1807997594781503,3.4325953127076474,3.2241606394884155,0.8523620483409637,0.1479864630132394,0.1363349905762362,1.310182619400278,1.014414436426893,0.139380848133947,0.4598030137297642,0.1280481994583868,312.9671354668385,1.177385410059362,3.277670704778275,3.062392414052982,0.7910650867890325,0.147841362296546,0.1349861861852456,1.2821460118022177,0.9895105952954596,0.1621361791898009,-0.3474458062869836,-0.2347129736519368,1023.7060011466688,0.6532294739741675,0.6200677441358386,-0.4633585991082766,-0.5684787123638013,-2.997658125835693,-0.9741368174205672,1.2239838075546403,0.9901092325189844,0.0415621563413412,0.4598030137297642,0.1280481994583868,312.9671354668385,1.177385410059362,3.277670704778275,3.062392414052982,0.7910650867890325,0.147841362296546,0.1349861861852456,1.2821460118022177,0.9895105952954596,0.1621361791898009,-0.3474458062869836,-0.2347129736519368,1023.7060011466688,0.6532294739741675,0.6200677441358386,-0.4633585991082766,-0.5684787123638013,-2.997658125835693,-0.9741368174205672,1.2239838075546403,0.9901092325189844,0.0415621563413412,dedicated_scaling_run,,,,,,,,,,,,,,,,,,,,,,,,,,,,,
MuScaRi_ClimateDEM_Area,1,d4450347fce2,0.0001,21,0.6590509073643458,0.182258992747863,398.6690478937965,0.896749141704711,2.868402412133104,2.719658666475009,1.1364083195364238,0.0949421311437569,-0.0115821882005848,1.2852012177914132,1.0862309473769198,-0.594922021326955,-0.0027912792012436,-0.4460113291969465,414.402351489124,1.6316526256755346,6.84815742212941,6.77295105353534,2.5250058717365507,-0.6110934885359178,-0.2838245529203931,1.7209301921029416,1.4169013013384972,-0.3027619326316312,-0.0161936868239416,-0.4270716773250791,444.9117469712732,1.6169373422582165,7.572766796710809,7.488328875188937,2.9194097015248746,-0.5932799587676911,-0.2561551092787533,1.7916560116943236,1.4754121754963978,-0.3804813538601115,0.1295813021792839,0.0985817933666304,822.779943736997,0.5250180326419668,0.4612150234778701,-0.102916404515517,-0.2860987227889254,-0.0253474989002311,-0.0108886109681003,0.6198810807345532,0.5070014054583071,-0.0722181864146837,-0.0161936868239416,-0.4270716773250791,444.9117469712732,1.6169373422582165,7.572766796710809,7.488328875188937,2.9194097015248746,-0.5932799587676911,-0.2561551092787533,1.7916560116943236,1.4754121754963978,-0.3804813538601115,0.1295813021792839,0.0985817933666304,822.779943736997,0.5250180326419668,0.4612150234778701,-0.102916404515517,-0.2860987227889254,-0.0253474989002311,-0.0108886109681003,0.6198810807345532,0.5070014054583071,-0.0722181864146837,dedicated_scaling_run,,,,,,,,,,,,,,,,,,,,,,,,,,,,,
MuScaRi_ClimateDEM_Area,2,d4450347fce2,0.0001,20,0.9705886892050783,0.7794626561576778,112.97926175618277,0.2754248193305372,1.0780077867665754,0.8446837056516692,0.1069425608487737,0.5754226023578473,0.4671861884584595,0.9540355165701796,0.6650032686597183,-0.0072883200102681,0.3244658693140191,0.0086287628058385,348.0248204572961,1.3393022948705895,3.60014507467184,3.349995141462803,1.1725819389551813,-0.0195334730110807,-0.0054451797612111,1.391196971954244,1.132002523328794,-0.216475438397297,0.3239330823352211,0.0004251073743193,340.26069069326684,1.339729968241093,3.474409724287,3.2300263349101184,1.1875889570427582,-0.0258443037348374,-0.0141083863452398,1.373231029554492,1.119227302775016,-0.1959621679144618,-0.9217311453339389,-0.434143830793404,1222.547954171697,0.7801110449097644,0.5878825980703136,-0.5587051741455311,-0.6240842182472339,-3.6452767456601247,-1.1876173084854242,1.3194065553733574,1.0971782937038317,-0.0338088860725853,0.3239330823352211,0.0004251073743193,340.26069069326684,1.339729968241093,3.474409724287,3.2300263349101184,1.1875889570427582,-0.0258443037348374,-0.0141083863452398,1.373231029554492,1.119227302775016,-0.1959621679144618,-0.9217311453339389,-0.434143830793404,1222.547954171697,0.7801110449097644,0.5878825980703136,-0.5587051741455311,-0.6240842182472339,-3.6452767456601247,-1.1876173084854242,1.3194065553733574,1.0971782937038317,-0.0338088860725853,dedicated_scaling_run,,,,,,,,,,,,,,,,,,,,,,,,,,,,,
MuScaRi_ClimateDEM_Area,3,d4450347fce2,0.0001,21,0.5952705874369684,0.2292411593349799,337.6619253534967,0.9072288186113926,4.621318739262088,4.158372313677399,-0.073037029945687,0.0757611770469089,0.1114817904422897,1.4833583440604832,1.125532143341767,0.3948136044676223,-0.0470896259120776,-0.0640320207111844,449.4058674681048,1.6370957000293225,3.332204298666068,2.939720770089203,0.364466347448983,0.0185197507761426,0.0790246523790393,1.3956601147161505,1.0689242984286018,0.3878228521883606,-0.0560513082598264,-0.0985726679083132,435.14007223023697,1.674547513198527,3.378880938362627,3.008804279338396,0.4019607938900654,-0.0038296322434705,0.0626083920666925,1.3804411143032909,1.0553829172459872,0.4254662219743296,-2.276966419297445,-0.8493349464319335,1596.4509829250544,1.0186995432610195,0.7984104923896949,-0.7681818416532674,-0.913832033051988,-15.396461256198355,-3.408773952919528,2.4788366481724724,2.211177936585625,0.0467348015410148,-0.0560513082598264,-0.0985726679083132,435.14007223023697,1.674547513198527,3.378880938362627,3.008804279338396,0.4019607938900654,-0.0038296322434705,0.0626083920666925,1.3804411143032909,1.0553829172459872,0.4254662219743296,-2.276966419297445,-0.8493349464319335,1596.4509829250544,1.0186995432610195,0.7984104923896949,-0.7681818416532674,-0.913832033051988,-15.396461256198355,-3.408773952919528,2.4788366481724724,2.211177936585625,0.0467348015410148,dedicated_scaling_run,,,,,,,,,,,,,,,,,,,,,,,,,,,,,
MuScaRi_ClimateDEM_Area,4,d4450347fce2,0.0001,21,0.9425608452713998,0.7363652857431925,66.11740071940729,0.2688219583944923,1.4221834620261389,1.294149307031658,0.0513536680780559,0.53582681521056,0.4853171044091194,0.8916944606197115,0.5561819001032712,0.2090908594306769,0.1160119506397114,0.091555379223036,400.3555500423637,1.5061414747993744,2.139363734251057,1.7847656481517626,0.3597257597035436,0.2782584567631118,0.1923043535514416,1.179962242928511,0.923942928086904,0.0335731938479897,0.1155478061179855,0.0877619099848568,413.0322773151062,1.5045939844414635,2.2422325306009543,1.9014016073090416,0.4167072688478261,0.2769763207891206,0.1922873865644653,1.1978850515977757,0.9374666114801838,0.0092488199064928,-2.0827653210405352,-0.8034702171303678,1548.4237541764826,0.9880532417103228,0.7879065440671159,-0.7720725938401443,-0.9080368962663306,-13.65038790172801,-3.1672478360027494,2.3431355125273807,2.0900428445862205,0.0380493272047375,0.1155478061179855,0.0877619099848568,413.0322773151062,1.5045939844414635,2.2422325306009543,1.9014016073090416,0.4167072688478261,0.2769763207891206,0.1922873865644653,1.1978850515977757,0.9374666114801838,0.0092488199064928,-2.0827653210405352,-0.8034702171303678,1548.4237541764826,0.9880532417103228,0.7879065440671159,-0.7720725938401443,-0.9080368962663306,-13.65038790172801,-3.1672478360027494,2.3431355125273807,2.0900428445862205,0.0380493272047375,dedicated_scaling_run,,,,,,,,,,,,,,,,,,,,,,,,,,,,,
MuScaRi_ClimateDEM_Area,0,5539dbb177dc,0.0003162277660168,67,0.7642673132628598,0.4589875421145856,323.1921787818697,0.6797638013346932,2.8337672849185847,2.562334519583243,0.1586085214753876,0.4380818181595697,0.3494437661417859,1.114493378542668,0.7876180384895355,0.3057542525777346,0.3635485749118639,0.066129158881945,352.10181030884195,1.27963932140051,4.145612277637573,3.952729552298865,0.8695658421407035,0.084826349784307,0.12107934603413,1.3578767118986068,1.032332895426216,0.4789496148805491,0.3546633587460235,0.0541484873128623,342.07065450234575,1.2868731319656197,3.942541216420295,3.7399201165416303,0.8225683895158179,0.0793885873122186,0.1148353194653647,1.3326479568648024,1.0125616677815443,0.4883279574206029,-0.5082754758839725,-0.3453917712920362,1083.0784891722326,0.6911152137061163,0.6651970978798919,-0.5595922096931127,-0.6987367714676018,-3.4438986511698424,-1.3065906249254509,1.2904908207273909,1.1568482251217194,0.0871024193581836,0.3546633587460235,0.0541484873128623,342.07065450234575,1.2868731319656197,3.942541216420295,3.7399201165416303,0.8225683895158179,0.0793885873122186,0.1148353194653647,1.3326479568648024,1.0125616677815443,0.4883279574206029,-0.5082754758839725,-0.3453917712920362,1083.0784891722326,0.6911152137061163,0.6651970978798919,-0.5595922096931127,-0.6987367714676018,-3.4438986511698424,-1.3065906249254509,1.2904908207273909,1.1568482251217194,0.0871024193581836,dedicated_scaling_run,,,,,,,,,,,,,,,,,,,,,,,,,,,,,
MuScaRi_ClimateDEM_Area,1,5539dbb177dc,0.0003162277660168,67,0.7824423255234082,0.4311277976369634,226.3713717917057,0.6251290889681606,1.233607404992502,0.950741314934059,0.1607028511091634,0.5661045746310813,0.3885098212872437,0.8855658449044818,0.6691819866534621,-0.0103476302190076,0.2510518471762699,-0.025070381906435,358.1317409188025,1.4100947866442082,3.9205412027845887,3.588499367885031,0.5804636637369792,-0.1243357582031234,-0.0078734923796757,1.437642471125083,1.1123461221308242,0.2117340151321628,0.2532111663801629,-0.0132399007308612,381.4033770225847,1.3861296469904756,4.329306298308309,4.01883465770805,0.7394833490791833,-0.0913700348616892,0.0161924837899284,1.4828410394721083,1.1555273525055592,0.1921006446283493,-0.6617068140538602,-0.2876052485598728,1136.833312570194,0.7254163081523047,0.5712988288862029,-0.4927152440940716,-0.6035612256521596,-2.8829289720420586,-0.9130155721364316,1.2062923301919632,0.9594544574084676,-0.0084705512822271,0.2532111663801629,-0.0132399007308612,381.4033770225847,1.3861296469904756,4.329306298308309,4.01883465770805,0.7394833490791833,-0.0913700348616892,0.0161924837899284,1.4828410394721083,1.1555273525055592,0.1921006446283493,-0.6617068140538602,-0.2876052485598728,1136.833312570194,0.7254163081523047,0.5712988288862029,-0.4927152440940716,-0.6035612256521596,-2.8829289720420586,-0.9130155721364316,1.2062923301919632,0.9594544574084676,-0.0084705512822271,dedicated_scaling_run,,,,,,,,,,,,,,,,,,,,,,,,,,,,,
MuScaRi_ClimateDEM_Area,2,5539dbb177dc,0.0003162277660168,65,0.8040448311736076,0.3930308136094402,210.70171865644835,0.7528370534724645,2.299625085913461,2.082569208419463,0.6054890950520834,0.1240238491325702,0.1276247157118987,1.1798769542902436,0.9111674730055918,0.063817285376809,0.0784902919625358,-0.0960439243314066,406.4775155233591,1.5642455289206307,4.39241738292727,4.185149070680853,1.057329544931088,-0.0826487139651634,0.0077291813585267,1.433612111671319,1.1171698797088505,0.3352472457653631,0.10691714284251,-0.0875685479754164,391.0774847764499,1.5398141501207727,4.2153855327121,4.0121019121548285,0.9985684204101564,-0.0803959688183744,0.0103955384026156,1.4092704970142826,1.0921833871815525,0.3600299041749574,-1.2416073803255507,-0.541270145654484,1320.3812932748615,0.8425387542968288,0.709397617405617,-0.6242589516177312,-0.7451706599710577,-4.854234577797981,-1.6522751644555052,1.4811802123819178,1.3302229453400438,0.0468205231495302,0.10691714284251,-0.0875685479754164,391.0774847764499,1.5398141501207727,4.2153855327121,4.0121019121548285,0.9985684204101564,-0.0803959688183744,0.0103955384026156,1.4092704970142826,1.0921833871815525,0.3600299041749574,-1.2416073803255507,-0.541270145654484,1320.3812932748615,0.8425387542968288,0.709397617405617,-0.6242589516177312,-0.7451706599710577,-4.854234577797981,-1.6522751644555052,1.4811802123819178,1.3302229453400438,0.0468205231495302,dedicated_scaling_run,,,,,,,,,,,,,,,,,,,,,,,,,,,,,
MuScaRi_ClimateDEM_Area,3,5539dbb177dc,0.0003162277660168,67,0.496289313090677,0.1635159788760206,371.17380422702144,1.022181136085107,4.222984137195304,3.956321411481087,0.5032295191892281,0.0851182593247711,0.1526768094294831,1.3992363427586472,1.040932243004106,0.5522817733990338,0.4177650562070516,0.1200699545377538,335.116601604512,1.220762759896165,3.733771667079926,3.5262006564468136,0.7754093330873882,0.1631930317067563,0.1554396109558649,1.2886991092296425,0.980233750690131,0.3680543141177766,0.4171949335171409,0.1073189231000482,323.25721648704945,1.2439892400505186,3.573987859097844,3.377442741754857,0.7764448498745604,0.1497158339509385,0.1420834618487529,1.2704861202254836,0.9659041630791744,0.3388405257452624,-1.200229966124796,-0.586219313911045,1308.1382015239374,0.8347264038072477,0.7466700460705705,-0.6631323281459344,-0.7746348445870133,-4.983994108115763,-1.7903737233046422,1.4975054847759492,1.399484949043797,0.0545748085604341,0.4171949335171409,0.1073189231000482,323.25721648704945,1.2439892400505186,3.573987859097844,3.377442741754857,0.7764448498745604,0.1497158339509385,0.1420834618487529,1.2704861202254836,0.9659041630791744,0.3388405257452624,-1.200229966124796,-0.586219313911045,1308.1382015239374,0.8347264038072477,0.7466700460705705,-0.6631323281459344,-0.7746348445870133,-4.983994108115763,-1.7903737233046422,1.4975054847759492,1.399484949043797,0.0545748085604341,dedicated_scaling_run,,,,,,,,,,,,,,,,,,,,,,,,,,,,,
MuScaRi_ClimateDEM_Area,4,5539dbb177dc,0.0003162277660168,67,0.9764866198474128,0.8334081390785797,63.73710757622879,0.2113947926636958,0.5989764014921609,0.430618277566267,-0.0005778421610941,0.8328923789803224,0.6988979347984285,0.5686781306532313,0.3544572020493398,0.0146846379671426,0.929059933621329,0.705174512920153,113.41446571245376,0.4266663229518473,0.8918878672777161,0.573655173497575,0.0587150481519798,0.6210177037971121,0.485356628666593,0.8550405659259749,0.588713217604193,-0.0329162262788434,0.934197006078877,0.7165594092849696,112.65997140071237,0.4103977443694175,0.9090748872022736,0.6121839146808211,0.080877887243512,0.6414571306345365,0.5020357748611544,0.8435472798362706,0.5779590741889705,-0.0421887285917205,0.2006609929058155,0.125301036225085,788.4698603891079,0.5031246766329541,0.4593125704715649,-0.2132454079895709,-0.3428327622149216,-1.2235956835393211,-0.2000273715934293,0.91285280549766,0.6018621210575746,0.0646945243022797,0.934197006078877,0.7165594092849696,112.65997140071237,0.4103977443694175,0.9090748872022736,0.6121839146808211,0.080877887243512,0.6414571306345365,0.5020357748611544,0.8435472798362706,0.5779590741889705,-0.0421887285917205,0.2006609929058155,0.125301036225085,788.4698603891079,0.5031246766329541,0.4593125704715649,-0.2132454079895709,-0.3428327622149216,-1.2235956835393211,-0.2000273715934293,0.91285280549766,0.6018621210575746,0.0646945243022797,dedicated_scaling_run,,,,,,,,,,,,,,,,,,,,,,,,,,,,,
MuScaRi_ClimateDEM_Area,0,2cbfd4c9818a,0.001,215,0.6786157362329522,0.3173421415775195,303.1698565137071,0.8562207775759479,3.5706320594348764,3.3204657916028104,0.3616313934326172,0.2597291226021843,0.23453439093842,1.2216823223619655,0.8833396245374391,0.4296085385512842,0.405865865973207,0.0766645710700747,340.1949622369587,1.236366407693029,4.071991592291947,3.905888625908781,0.9487892346989386,0.107537709139751,0.1316677385552682,1.3409220195511982,1.01989633459001,0.4422750155571414,0.3963385662944263,0.0653414449673837,330.84103561088585,1.244627195470314,3.869890727523506,3.696936253297191,0.8855502913082476,0.101259146600185,0.126347394779036,1.3167232400336406,0.9993927162671904,0.4468699820410974,-0.4317404869357684,-0.2548372749514869,1055.2412094153574,0.673352172394309,0.6473747811680867,-0.4738412079106976,-0.6412053497050973,-2.5123244516585954,-1.0135844802386278,1.1472819372108871,1.009893820262388,0.0940350284499003,0.3963385662944263,0.0653414449673837,330.84103561088585,1.244627195470314,3.869890727523506,3.696936253297191,0.8855502913082476,0.101259146600185,0.126347394779036,1.3167232400336406,0.9993927162671904,0.4468699820410974,-0.4317404869357684,-0.2548372749514869,1055.2412094153574,0.673352172394309,0.6473747811680867,-0.4738412079106976,-0.6412053497050973,-2.5123244516585954,-1.0135844802386278,1.1472819372108871,1.009893820262388,0.0940350284499003,dedicated_scaling_run,,,,,,,,,,,,,,,,,,,,,,,,,,,,,
MuScaRi_ClimateDEM_Area,1,2cbfd4c9818a,0.001,211,0.6087012789871933,0.3213484257347881,330.38500331633,0.9028666339500124,1.9492945492077456,1.6659200552496565,0.246124267578125,0.4435235051033093,0.3276835137871283,1.041951080395421,0.7807408383139345,0.0631396712707747,0.3494255900001786,0.024372652882501,333.78393069065,1.3142286120712672,4.023496171019398,3.83733948771827,0.7396349455180921,0.0460408679236599,0.1085367890010199,1.32424325071355,0.9838691601827256,0.5697173475434285,0.3587566685704655,0.0519057126428356,353.4248295436832,1.284447553218456,4.372599910665547,4.182267296044534,0.8184422387017144,0.0664550161876733,0.1265393886832443,1.3714380977778302,1.025919818490132,0.5703632120059351,-0.4507109835039133,-0.3345785979104339,1062.209148369977,0.6777984357622822,0.6584652834646098,-0.5907552532797852,-0.6589301203418959,-3.170678187150836,-1.2569103013619092,1.250190463946898,1.131931529073452,0.0688564144240427,0.3587566685704655,0.0519057126428356,353.4248295436832,1.284447553218456,4.372599910665547,4.182267296044534,0.8184422387017144,0.0664550161876733,0.1265393886832443,1.3714380977778302,1.025919818490132,0.5703632120059351,-0.4507109835039133,-0.3345785979104339,1062.209148369977,0.6777984357622822,0.6584652834646098,-0.5907552532797852,-0.6589301203418959,-3.170678187150836,-1.2569103013619092,1.250190463946898,1.131931529073452,0.0688564144240427,dedicated_scaling_run,,,,,,,,,,,,,,,,,,,,,,,,,,,,,
MuScaRi_ClimateDEM_Area,2,2cbfd4c9818a,0.001,203,0.9651338905778593,0.7606151317403744,98.247535545769,0.2865511950133768,0.5564245266231214,0.087842003830767,-0.1364870717326008,0.6963428467129897,0.5162293772675037,0.754202521929207,0.5436248787836122,-0.0382621953516915,0.9453252113676603,0.7100133545172207,99.01024301724648,0.381020656398701,0.6181980400827696,0.1217555591761055,-0.1368019968436692,0.6706406148380494,0.487279245174719,0.790720322069491,0.5772579148570197,-0.0527285149715211,0.9469440766825286,0.7082731074773255,95.31996524547507,0.3753093360868932,0.594081600579147,0.0620179412128638,-0.1697323522835134,0.6478594738147707,0.464787374383056,0.8045645379636794,0.5906908878186842,-0.0480760825187557,0.6578242708934987,0.4200256072503813,515.8746563372928,0.3291809661905223,0.4654893679624063,0.3186670151048706,0.073541365065991,0.4847057902057057,0.3760643417856533,0.439440900514099,0.3129288942056957,-0.0490327344750754,0.9469440766825286,0.7082731074773255,95.31996524547507,0.3753093360868932,0.594081600579147,0.0620179412128638,-0.1697323522835134,0.6478594738147707,0.464787374383056,0.8045645379636794,0.5906908878186842,-0.0480760825187557,0.6578242708934987,0.4200256072503813,515.8746563372928,0.3291809661905223,0.4654893679624063,0.3186670151048706,0.073541365065991,0.4847057902057057,0.3760643417856533,0.439440900514099,0.3129288942056957,-0.0490327344750754,dedicated_scaling_run,,,,,,,,,,,,,,,,,,,,,,,,,,,,,
MuScaRi_ClimateDEM_Area,3,2cbfd4c9818a,0.001,211,0.4287199881387037,0.1000839245504865,350.307192578974,1.1896799675498215,3.6794334491651215,3.417560642266539,0.5700266832604775,0.1265415565123088,0.1331475646913005,1.3245514758985135,1.008274403026221,0.3126363676819836,0.3701303968286078,0.1192731272315409,348.5556607331398,1.269718539584831,3.579054008790958,3.3455221843180625,0.7260041020159481,0.1736234096696052,0.152709465008329,1.2806424327516972,0.9834024792077436,0.3088218734435395,0.3738829432944541,0.10710548917958,335.05364181741425,1.289385342298091,3.47072932339713,3.254576213361581,0.7499431130664596,0.1549035970951043,0.1373839602275077,1.2666044397434664,0.9711952028900718,0.296839471043277,-1.5962922385848797,-0.6968485027007347,1421.0075149338113,0.9067485997201424,0.7678673918207357,-0.7139497455694037,-0.8140196398570728,-6.425302944769897,-2.117273263203823,1.6681301375823978,1.5634382436313512,0.0445846201093527,0.3738829432944541,0.10710548917958,335.05364181741425,1.289385342298091,3.47072932339713,3.254576213361581,0.7499431130664596,0.1549035970951043,0.1373839602275077,1.2666044397434664,0.9711952028900718,0.296839471043277,-1.5962922385848797,-0.6968485027007347,1421.0075149338113,0.9067485997201424,0.7678673918207357,-0.7139497455694037,-0.8140196398570728,-6.425302944769897,-2.117273263203823,1.6681301375823978,1.5634382436313512,0.0445846201093527,dedicated_scaling_run,,,,,,,,,,,,,,,,,,,,,,,,,,,,,
MuScaRi_ClimateDEM_Area,4,2cbfd4c9818a,0.001,209,0.975414823656793,0.7949342685078098,85.35580903944869,0.2416439424510807,0.9539705137630092,0.8133451831425859,0.0963323438489759,0.7687422893622253,0.6162775393796966,0.6901994111041353,0.4608108468703231,-0.101575932591822,0.9651490857126483,0.7465757106866884,79.49315688239979,0.2990540296616957,1.1179010245365522,0.9880222012270417,0.1949809738390928,0.7119601890603019,0.5473692253055934,0.7454242508570501,0.5177754834647782,-0.1123299614753606,0.968675823884709,0.7570179499357828,77.72963690784162,0.2831535220540135,1.162354253875776,1.0477897348699674,0.2144827833557354,0.7121290414461721,0.5512723970936013,0.755853819717288,0.520812896711176,-0.1244407865616083,0.7465124429244641,0.5520847822201772,444.01527887175627,0.2833273089403778,0.382190287340336,0.096864761540386,-0.0579801599883783,0.4659148555826543,0.4145344662106947,0.4473815751812476,0.2936345770147917,0.1229355479193652,0.968675823884709,0.7570179499357828,77.72963690784162,0.2831535220540135,1.162354253875776,1.0477897348699674,0.2144827833557354,0.7121290414461721,0.5512723970936013,0.755853819717288,0.520812896711176,-0.1244407865616083,0.7465124429244641,0.5520847822201772,444.01527887175627,0.2833273089403778,0.382190287340336,0.096864761540386,-0.0579801599883783,0.4659148555826543,0.4145344662106947,0.4473815751812476,0.2936345770147917,0.1229355479193652,dedicated_scaling_run,,,,,,,,,,,,,,,,,,,,,,,,,,,,,
MuScaRi_ClimateDEM_Area,0,53a6b8e85b1c,0.0031622776601683,676,0.9639007845384288,0.7557214213958414,97.4768726834127,0.2875737694134099,1.0038676351978015,0.8605924547287862,0.183090519119095,0.7453619822911413,0.5781731417750502,0.7150214657070721,0.4967544441135171,-0.1333544508094953,0.9574059351661428,0.7174393317683436,91.08779092345428,0.3310392493636583,1.3561106250534771,1.2408186951935216,0.3074534112648258,0.6570188958032959,0.4985215208234745,0.8312730137873452,0.5890096284152264,-0.2187120075942526,0.9576738656485474,0.7200673688560123,87.60460970041977,0.3295693944938268,1.2636463032977572,1.1375508272734562,0.2503726575258819,0.664821421568282,0.5062902328252458,0.8041098578832193,0.56476675321988,-0.2056726323699303,0.7252808000867483,0.5391224179951809,462.236353857271,0.2949542253420152,0.3746751813202051,0.1475944867176018,-0.0381695510216828,0.5404169479974392,0.4671688237696091,0.4150064499692464,0.2672363222335872,0.1032339065323224,0.9576738656485474,0.7200673688560123,87.60460970041977,0.3295693944938268,1.2636463032977572,1.1375508272734562,0.2503726575258819,0.664821421568282,0.5062902328252458,0.8041098578832193,0.56476675321988,-0.2056726323699303,0.7252808000867483,0.5391224179951809,462.236353857271,0.2949542253420152,0.3746751813202051,0.1475944867176018,-0.0381695510216828,0.5404169479974392,0.4671688237696091,0.4150064499692464,0.2672363222335872,0.1032339065323224,dedicated_scaling_run,,,,,,,,,,,,,,,,,,,,,,,,,,,,,
MuScaRi_ClimateDEM_Area,1,53a6b8e85b1c,0.0031622776601683,666,0.970096146212204,0.7863201346390847,85.66770860597477,0.2588700212605028,0.648648036528639,0.4134019204290509,0.0293484649785004,0.8104147604869059,0.6361079940321954,0.6034743793274631,0.4211455417251333,-0.0476318575517784,0.9668055623356104,0.7578128362660045,75.39622369922587,0.2968623271426531,0.748323051946622,0.4999097503839113,0.0423354042900933,0.7781008860186117,0.584468787293789,0.6386761039135193,0.4586037205246341,-0.0410430510138019,0.9687268567492022,0.7718434382675055,78.04972791803435,0.2836551755096609,0.8214822807760807,0.63279894399873,0.0993178959678288,0.7859008384081525,0.6071774721359271,0.6567741759640139,0.4613881968616867,-0.0487872722902342,0.3919039238889157,0.3431018512845865,687.710552591969,0.4388299023025306,0.4490569095618815,0.4049481001051477,0.2028864098283148,0.5366913670142959,0.4551162296485302,0.416685164158878,0.2732811840014477,0.0843623873342317,0.9687268567492022,0.7718434382675055,78.04972791803435,0.2836551755096609,0.8214822807760807,0.63279894399873,0.0993178959678288,0.7859008384081525,0.6071774721359271,0.6567741759640139,0.4613881968616867,-0.0487872722902342,0.3919039238889157,0.3431018512845865,687.710552591969,0.4388299023025306,0.4490569095618815,0.4049481001051477,0.2028864098283148,0.5366913670142959,0.4551162296485302,0.416685164158878,0.2732811840014477,0.0843623873342317,dedicated_scaling_run,,,,,,,,,,,,,,,,,,,,,,,,,,,,,
MuScaRi_ClimateDEM_Area,2,53a6b8e85b1c,0.0031622776601683,635,0.9676688845681688,0.7801187267181309,93.59841348930054,0.277162448996342,0.5271187187474993,0.1334423388372502,-0.0281161406712061,0.7528225386762138,0.5794067699509458,0.6969701249091135,0.4905806415858749,-0.0030299056906642,0.9463012517844543,0.7237991121725045,98.12251046634292,0.3776043996334547,0.6375800127858164,0.24087428416021,-0.0172160418462817,0.7277735974249595,0.5311876111075596,0.7188743715946747,0.5278227170668743,-0.0116301781314075,0.9505373549455486,0.7276451257125118,92.0355485196566,0.3623773944609525,0.6094084917182608,0.1730602115683143,-0.0539771758358192,0.7084104724254787,0.5102498952242267,0.7321310793668814,0.5405158812763922,-0.008851099419634,0.7685126924301138,0.584783325971172,424.30991899134045,0.2707532679349281,0.3413705951798541,0.2432165663475196,0.0475315802797401,0.6614809535671213,0.5715583287454372,0.3561757910466008,0.2148807759324747,0.0329689609081787,0.9505373549455486,0.7276451257125118,92.0355485196566,0.3623773944609525,0.6094084917182608,0.1730602115683143,-0.0539771758358192,0.7084104724254787,0.5102498952242267,0.7321310793668814,0.5405158812763922,-0.008851099419634,0.7685126924301138,0.584783325971172,424.30991899134045,0.2707532679349281,0.3413705951798541,0.2432165663475196,0.0475315802797401,0.6614809535671213,0.5715583287454372,0.3561757910466008,0.2148807759324747,0.0329689609081787,dedicated_scaling_run,,,,,,,,,,,,,,,,,,,,,,,,,,,,,
MuScaRi_ClimateDEM_Area,3,53a6b8e85b1c,0.0031622776601683,665,0.963739140572878,0.757616840177383,101.50410120620523,0.2915587646641354,1.108757677791747,0.9020041246967913,0.0839184246782619,0.7355070444791644,0.5691070602075861,0.7646365299389158,0.5324431100671125,-0.0591676691051252,0.9547742606800688,0.7060580353543335,93.39844544116208,0.3402318580740207,1.3733617214408138,1.2191206197974989,0.2420039204698726,0.6481900734653594,0.4898074383191126,0.835589415569683,0.5921518176884959,-0.1380062031146572,0.9512862064611898,0.6904765149650318,93.45715274690338,0.3596507255211764,1.3485516687571146,1.193449080591334,0.2446073288434402,0.6371782863638293,0.4753319589287292,0.8299167220361819,0.5907090303725598,-0.1259489668388358,0.663231854008945,0.4633564957729998,511.7821045547165,0.3265694978022845,0.4570494161989935,0.0508248063350109,-0.0771164642366837,-0.1198597953853493,0.1520834804280707,0.6478204762105387,0.425264329533427,0.1568447574883718,0.9512862064611898,0.6904765149650318,93.45715274690338,0.3596507255211764,1.3485516687571146,1.193449080591334,0.2446073288434402,0.6371782863638293,0.4753319589287292,0.8299167220361819,0.5907090303725598,-0.1259489668388358,0.663231854008945,0.4633564957729998,511.7821045547165,0.3265694978022845,0.4570494161989935,0.0508248063350109,-0.0771164642366837,-0.1198597953853493,0.1520834804280707,0.6478204762105387,0.425264329533427,0.1568447574883718,dedicated_scaling_run,,,,,,,,,,,,,,,,,,,,,,,,,,,,,
MuScaRi_ClimateDEM_Area,4,53a6b8e85b1c,0.0031622776601683,663,0.8569782962178396,0.5476891647543283,196.19595840578077,0.5636666663192751,1.944258916817484,1.7533923974929355,0.3263792959099014,0.5018996216514396,0.3780152899873172,1.0093594809760775,0.7391929642546242,-0.0379660346334248,0.8570122478717169,0.4843340033077613,161.01712788055534,0.6057480017867292,2.380431106489964,2.255734256612788,0.6641207422528947,0.3861745648950899,0.2923772670133751,1.0881773928958387,0.8094670604980078,0.0065996664019519,0.8632902212081468,0.4971198146453153,162.3852584212928,0.5915370208940423,2.449289894978555,2.332461756196933,0.686749904583662,0.393008551953145,0.2988563275032586,1.097564802521062,0.8137780353126856,-0.0147329704020511,0.4861201951260607,0.2210210325354974,632.1939960263787,0.40340463976275,0.5084987359974957,-0.2315878966729122,-0.3148229632990829,-1.0263958589349116,-0.2992333245617524,0.8714349819609989,0.651617910335443,0.1339966271443824,0.8632902212081468,0.4971198146453153,162.3852584212928,0.5915370208940423,2.449289894978555,2.332461756196933,0.686749904583662,0.393008551953145,0.2988563275032586,1.097564802521062,0.8137780353126856,-0.0147329704020511,0.4861201951260607,0.2210210325354974,632.1939960263787,0.40340463976275,0.5084987359974957,-0.2315878966729122,-0.3148229632990829,-1.0263958589349116,-0.2992333245617524,0.8714349819609989,0.651617910335443,0.1339966271443824,dedicated_scaling_run,,,,,,,,,,,,,,,,,,,,,,,,,,,,,
MuScaRi_ClimateDEM_Area,0,e4eea169da2c,0.01,2136,0.975908351283694,0.7987673830548543,83.0070498732264,0.2449888127699056,0.7808028142709023,0.6005868435961217,0.0772559892623548,0.8040939462583502,0.6349452371519784,0.6381179576072741,0.4353762930414585,-0.0729263147656131,0.97061037819826,0.7692716055378308,75.66283765755979,0.2749805292000215,0.9118186800953626,0.7674523516272523,0.1667708327898069,0.7667138470133384,0.5934688754432352,0.6855719896528781,0.477489576414501,-0.1096004151044532,0.96983183797059,0.767505210281118,73.96003065274519,0.2782383549161343,0.850895455590301,0.6779108315505632,0.1229243711806808,0.769376619299513,0.5923543693593926,0.667004748719809,0.4663158692973838,-0.10132694118575,0.5596600152793212,0.3931213289785903,585.2125791731388,0.3734256758811655,0.5027083719913136,0.4691650785792213,0.2175342025769222,0.4733929640003409,0.4093031687945514,0.4442384782524979,0.2962582825662137,0.0579327004462311,0.96983183797059,0.767505210281118,73.96003065274519,0.2782383549161343,0.850895455590301,0.6779108315505632,0.1229243711806808,0.769376619299513,0.5923543693593926,0.667004748719809,0.4663158692973838,-0.10132694118575,0.5596600152793212,0.3931213289785903,585.2125791731388,0.3734256758811655,0.5027083719913136,0.4691650785792213,0.2175342025769222,0.4733929640003409,0.4093031687945514,0.4442384782524979,0.2962582825662137,0.0579327004462311,dedicated_scaling_run,,,,,,,,,,,,,,,,,,,,,,,,,,,,,
MuScaRi_ClimateDEM_Area,1,e4eea169da2c,0.01,2093,0.9750930813517372,0.8071299282194866,79.77297436182997,0.2372970795732733,0.6205458019227535,0.3785885406606074,0.0032362170021697,0.8382645726499692,0.6648515406664874,0.5701841973162979,0.3961043636199073,-0.0448966379061065,0.973589280002526,0.7803734001522492,67.25228687190368,0.264796688957801,0.6689279481530507,0.4123054355143957,0.0140111169149709,0.8038533920030672,0.6089880403183514,0.6004727232404778,0.4315428877611717,-0.035419467038933,0.9751065011983876,0.79403932244741,69.63516304243066,0.2530742250066037,0.7307507160907915,0.5333413942893874,0.0618228232559802,0.8137478824703297,0.634979969497162,0.6125748949801044,0.4287328800131399,-0.0427248904542916,0.6884730433808092,0.5244153634186961,492.22924336390616,0.3140927663866844,0.3802082770478296,0.2693518818672245,0.090119351084179,0.5873566678947495,0.5049143267674285,0.3932423299220159,0.2483054301411486,0.097989435461761,0.9751065011983876,0.79403932244741,69.63516304243066,0.2530742250066037,0.7307507160907915,0.5333413942893874,0.0618228232559802,0.8137478824703297,0.634979969497162,0.6125748949801044,0.4287328800131399,-0.0427248904542916,0.6884730433808092,0.5244153634186961,492.22924336390616,0.3140927663866844,0.3802082770478296,0.2693518818672245,0.090119351084179,0.5873566678947495,0.5049143267674285,0.3932423299220159,0.2483054301411486,0.097989435461761,dedicated_scaling_run,,,,,,,,,,,,,,,,,,,,,,,,,,,,,
MuScaRi_ClimateDEM_Area,2,e4eea169da2c,0.01,2013,0.9687678341691406,0.7779092127694399,88.32687162942501,0.2717176743842225,0.5803684608431077,0.2803154726098066,0.0106986534638216,0.8033889384253823,0.6160210652735816,0.6237068659876387,0.4469651518496785,-0.0176820054897581,0.9586450592421856,0.7415060740150919,86.10934219623375,0.3313741803224475,0.6796437744822642,0.3643065647987465,0.0237378822811066,0.7707582747617114,0.5702476540820054,0.6596821210305348,0.4838461112728329,-0.0241975466265934,0.9622898475339186,0.7454110494850618,80.361138487274,0.3164110004872406,0.6430247847473227,0.2927859689564715,-0.0106047033744557,0.7634656058609439,0.5578323161137422,0.6594016550448123,0.4880012345248549,-0.0196287547062063,0.7928118172406514,0.6059484647451348,401.4228457075936,0.2561489665056478,0.3429487519315426,0.2378816689973031,0.0229485764791505,0.6616719354434208,0.5713689215128129,0.356075306487394,0.2149757717636655,0.0209277014022813,0.9622898475339186,0.7454110494850618,80.361138487274,0.3164110004872406,0.6430247847473227,0.2927859689564715,-0.0106047033744557,0.7634656058609439,0.5578323161137422,0.6594016550448123,0.4880012345248549,-0.0196287547062063,0.7928118172406514,0.6059484647451348,401.4228457075936,0.2561489665056478,0.3429487519315426,0.2378816689973031,0.0229485764791505,0.6616719354434208,0.5713689215128129,0.356075306487394,0.2149757717636655,0.0209277014022813,dedicated_scaling_run,,,,,,,,,,,,,,,,,,,,,,,,,,,,,
MuScaRi_ClimateDEM_Area,3,e4eea169da2c,0.01,2101,0.9722812121394004,0.7937251505103041,81.1285054895132,0.252049493252435,0.7844900094432272,0.6009838740991731,0.0540584019252232,0.8007861823858958,0.6341994605863466,0.6365942965110444,0.4325573273820839,-0.1076508024753217,0.9714331927969762,0.7751245059498396,74.22969259602843,0.2704039250002307,0.9504680080143748,0.8030811402168309,0.1419481657078663,0.7586144400146773,0.587550414226812,0.6921409245802139,0.4787070417408829,-0.1511246718767991,0.9673989302003052,0.755869381977044,76.4544020373816,0.2942191191775108,0.9423866227788712,0.7805188360737563,0.1425778706868489,0.7468027023678668,0.5695871236497276,0.6932939546492073,0.4845897842940977,-0.1451953247954627,0.6989869152349231,0.5414311058055961,483.85170980193953,0.3087470399502852,0.3798632390591314,0.2699914565367095,0.0316520158879273,0.6033753666524329,0.546493578092575,0.3855340018036315,0.2274517596955535,0.0813787297081454,0.9673989302003052,0.755869381977044,76.4544020373816,0.2942191191775108,0.9423866227788712,0.7805188360737563,0.1425778706868489,0.7468027023678668,0.5695871236497276,0.6932939546492073,0.4845897842940977,-0.1451953247954627,0.6989869152349231,0.5414311058055961,483.85170980193953,0.3087470399502852,0.3798632390591314,0.2699914565367095,0.0316520158879273,0.6033753666524329,0.546493578092575,0.3855340018036315,0.2274517596955535,0.0813787297081454,dedicated_scaling_run,,,,,,,,,,,,,,,,,,,,,,,,,,,,,
MuScaRi_ClimateDEM_Area,4,e4eea169da2c,0.01,2100,0.9760093120210844,0.8145861697317079,78.31370843547306,0.2318008856692048,0.6157851464792179,0.4144654341040251,0.0417384056446512,0.8472988038277338,0.6725416507371836,0.5572195203945715,0.3868668803133465,-0.0193185797769781,0.9732673349417162,0.7870174565216745,69.62156555965426,0.2619170072282861,0.7376854239311302,0.5434181595561157,0.0783042289818441,0.8040920994354093,0.6245692751626848,0.6147566491409027,0.429464446244838,-0.0200903059848042,0.9747667918088812,0.7945845277927782,69.76426860416314,0.2541372786038869,0.7589300881844874,0.5834390248375886,0.0933442266426031,0.8061838578425936,0.6307697921027986,0.6202029934664629,0.4285447403519571,-0.024226959965743,0.6703883189265718,0.5113484815697006,506.3151096776987,0.3230809947264983,0.4335028935181382,0.4060553634407294,0.1548421940627404,0.5536722330309636,0.5056549019255727,0.4089778587092207,0.2479340023786594,0.055054429639771,0.9747667918088812,0.7945845277927782,69.76426860416314,0.2541372786038869,0.7589300881844874,0.5834390248375886,0.0933442266426031,0.8061838578425936,0.6307697921027986,0.6202029934664629,0.4285447403519571,-0.024226959965743,0.6703883189265718,0.5113484815697006,506.3151096776987,0.3230809947264983,0.4335028935181382,0.4060553634407294,0.1548421940627404,0.5536722330309636,0.5056549019255727,0.4089778587092207,0.2479340023786594,0.055054429639771,dedicated_scaling_run,,,,,,,,,,,,,,,,,,,,,,,,,,,,,
MuScaRi_ClimateDEM_Area,0,228278f86beb,0.03162277660168379,6747,0.9795530689155518,0.8157642245153983,73.17669331672286,0.2217671773052258,0.5568547479805008,0.2716926275435884,-0.03227106730143229,0.8367298518362365,0.6543156528949274,0.5687358864891208,0.4012403290413861,-0.02494356457012606,0.9777827490337854,0.8045889127311979,65.7855919058111,0.23908377534320996,0.6598150319289581,0.41961821076279093,0.011414990719811653,0.8228354573268354,0.6415705736471167,0.5974437033969698,0.42099191086980536,-0.044891024702731305,0.9764447176495721,0.7986175735488739,65.35319338664151,0.24585934943311277,0.6276551753528042,0.3495293243479207,-0.015721758522154024,0.815013085051076,0.6278537290981889,0.5973759904622747,0.4257072780105209,-0.03974232943148879,0.6943681717259338,0.5615940368940429,487.5496877823945,0.3111067295637465,0.3873269379907115,0.3411779666805447,0.1098167626272426,0.6025832843907368,0.5577665681340005,0.3859187765179667,0.2217979005413391,0.057523065559476165,0.9764447176495721,0.7986175735488739,65.35319338664151,0.24585934943311277,0.6276551753528042,0.3495293243479207,-0.015721758522154024,0.815013085051076,0.6278537290981889,0.5973759904622747,0.4257072780105209,-0.03974232943148879,0.6943681717259338,0.5615940368940429,487.5496877823945,0.3111067295637465,0.3873269379907115,0.3411779666805447,0.1098167626272426,0.6025832843907368,0.5577665681340005,0.3859187765179667,0.2217979005413391,0.057523065559476165,dedicated_scaling_run,,,,,,,,,,,,,,,,,,,,,,,,,,,,,
MuScaRi_ClimateDEM_Area,3,228278f86beb,0.03162277660168379,6634,0.9829229556017283,0.835169159979405,66.22768618042222,0.20113297586439155,0.5629229514052912,0.3266538507964016,0.0007540815465247735,0.8492118576010036,0.6765826314428467,0.5489849808556123,0.37760845816213245,-0.023445812154249627,0.9815089700513722,0.8213030933575082,59.72103984122979,0.21755180451947098,0.6672039848522805,0.46953970151353824,0.04547874021155757,0.8274386849954511,0.6524956352906753,0.5852084741441699,0.4033287754547891,-0.03647979285003247,0.9779272736437503,0.8034883073891954,62.909257500220534,0.24209340254653713,0.6700715490164074,0.4563509014775654,0.05071397075119371,0.8164413234610004,0.6325836036049902,0.590303473863803,0.4136638146632864,-0.03544193701978742,0.6138178728391817,0.4469063764307194,548.0443200525897,0.34970851116501844,0.4995966283704983,0.4714639443638419,0.19816003815858257,0.4667133406770009,0.41425931576961106,0.4470470203142174,0.29377257562646863,0.018264635292678324,0.9779272736437503,0.8034883073891954,62.909257500220534,0.24209340254653713,0.6700715490164074,0.4563509014775654,0.05071397075119371,0.8164413234610004,0.6325836036049902,0.590303473863803,0.4136638146632864,-0.03544193701978742,0.6138178728391817,0.4469063764307194,548.0443200525897,0.34970851116501844,0.4995966283704983,0.4714639443638419,0.19816003815858257,0.4667133406770009,0.41425931576961106,0.4470470203142174,0.29377257562646863,0.018264635292678324,dedicated_scaling_run,,,,,,,,,,,,,,,,,,,,,,,,,,,,,
MuScaRi_ClimateDEM_Area,2,228278f86beb,0.03162277660168379,6369,0.9835503332772287,0.8342096312580436,68.89005167913517,0.20084894165458092,0.5766701215249315,0.3414002464551861,-0.002301430790186808,0.8520104493821645,0.6766280522969499,0.5511205255704164,0.3830664225221833,-0.025925537658411102,0.9755280834691231,0.798035854475278,66.24003620065626,0.25491122267747224,0.6724258084573249,0.45144583430818097,0.0428779749295726,0.814110546256058,0.6281471416402309,0.594039405649727,0.4186587019903915,-0.03208585048764052,0.9778334516049066,0.8011073065839398,61.612094533895686,0.2425892022452029,0.6299037979253785,0.38222686640464876,0.015826686498976398,0.8169162270377407,0.6252026902971828,0.5801333192283488,0.4136474833027791,-0.02764834651750991,0.7394083806499526,0.5900468751206387,450.1941169162758,0.2872700423232823,0.32142790404322025,0.19934403398679604,-0.014266462051316523,0.6704312493102982,0.5999720736003453,0.35143568429919186,0.20063013763632487,0.05980482734697117,0.9778334516049066,0.8011073065839398,61.612094533895686,0.2425892022452029,0.6299037979253785,0.38222686640464876,0.015826686498976398,0.8169162270377407,0.6252026902971828,0.5801333192283488,0.4136474833027791,-0.02764834651750991,0.7394083806499526,0.5900468751206387,450.1941169162758,0.2872700423232823,0.32142790404322025,0.19934403398679604,-0.014266462051316523,0.6704312493102982,0.5999720736003453,0.35143568429919186,0.20063013763632487,0.05980482734697117,dedicated_scaling_run,,,,,,,,,,,,,,,,,,,,,,,,,,,,,
MuScaRi_ClimateDEM_Area,4,228278f86beb,0.03162277660168379,6646,0.9845899062242789,0.8434143529307978,63.59209859039565,0.19057536860033897,0.5872390716626998,0.3733704943146448,0.02426515770570488,0.8460322050742115,0.6813668245449113,0.5605946599060302,0.3754434961957938,-0.019392011272930953,0.9803756618832999,0.8160130944164294,59.651334713513265,0.22440890153047718,0.64968998186936,0.4370976657951513,0.050027001967901025,0.818255838483932,0.642408788778019,0.5921169495730962,0.40905738708561556,-0.015911771305906337,0.9809244995968559,0.8204698411187541,60.65753812694163,0.2209632805129412,0.6673751782630497,0.4649944100245393,0.058941511289366894,0.8179682605922778,0.6445372986448631,0.6010525509845108,0.4125655691973527,-0.01812963556874673,0.7348012192934747,0.5345279300432151,454.1563133470223,0.28979832980647025,0.3782908105958267,0.14718348380649243,-0.08780654770985867,0.5678095495179988,0.4815096551897827,0.4024486062877813,0.2600438166509252,0.0779115396140298,0.9809244995968559,0.8204698411187541,60.65753812694163,0.2209632805129412,0.6673751782630497,0.4649944100245393,0.058941511289366894,0.8179682605922778,0.6445372986448631,0.6010525509845108,0.4125655691973527,-0.01812963556874673,0.7348012192934747,0.5345279300432151,454.1563133470223,0.28979832980647025,0.3782908105958267,0.14718348380649243,-0.08780654770985867,0.5678095495179988,0.4815096551897827,0.4024486062877813,0.2600438166509252,0.0779115396140298,dedicated_scaling_run,,,,,,,,,,,,,,,,,,,,,,,,,,,,,
MuScaRi_ClimateDEM_Area,1,228278f86beb,0.03162277660168379,6613,0.9826121968378256,0.8329007066304172,67.12732019373577,0.20255874905341967,0.5856647557229093,0.370740425960185,0.0334015877016129,0.844211813452229,0.6744443706182526,0.5586987371935468,0.381659875768486,-0.021913593055939092,0.9775262792945144,0.8005578045203329,62.037519737854446,0.24426425584124714,0.6309456175272886,0.4100917641576023,0.05404977887894288,0.8192350934816173,0.6313459510737418,0.5764477433573946,0.40686743398740666,-0.02330228146044518,0.9795435658402525,0.8137993158010843,63.12488395107843,0.22941399677230287,0.6913362833216173,0.5108121859145307,0.08096654198386452,0.8224346567365072,0.6484643988827916,0.5981191221987493,0.412894794870163,-0.029750403882328358,0.6404772849652633,0.47916362512911426,528.7894225822265,0.3374219119731869,0.4360277844137736,0.4138722301370209,0.18382325419698847,0.5420487478092554,0.47582804371549126,0.41426903303712487,0.262893375729195,0.035779822013484744,0.9795435658402525,0.8137993158010843,63.12488395107843,0.22941399677230287,0.6913362833216173,0.5108121859145307,0.08096654198386452,0.8224346567365072,0.6484643988827916,0.5981191221987493,0.412894794870163,-0.029750403882328358,0.6404772849652633,0.47916362512911426,528.7894225822265,0.3374219119731869,0.4360277844137736,0.4138722301370209,0.18382325419698847,0.5420487478092554,0.47582804371549126,0.41426903303712487,0.262893375729195,0.035779822013484744,dedicated_scaling_run,,,,,,,,,,,,,,,,,,,,,,,,,,,,,
MuScaRi_ClimateDEM_Area,0,7cdef3288b40,0.1,21369,0.9863525824420966,0.850933427344087,60.19952723488584,0.18172559676711333,0.5365711497436849,0.3184606449263287,0.00590013784300143,0.8576446212831483,0.6915785392577025,0.5319883009248642,0.35874716974837495,-0.03977756737200045,0.9836015367582621,0.8338747904349151,56.51805419130256,0.20540287589312115,0.6621057425402838,0.4715793365747798,0.043813350907731155,0.8287625106269728,0.66007278593461,0.5873649272751369,0.3992602080558511,-0.05494037081712652,0.9823332790692352,0.8270581097252172,56.59794087470131,0.2129220042099124,0.6332067466632375,0.4179277640050618,0.026452549415420766,0.8264984908049093,0.6527143666714432,0.5785339998795945,0.3972685826627177,-0.049744218866088125,0.7418192352723829,0.591856899230714,448.1068016402412,0.28593811989680173,0.35750289763288684,0.29172715489178513,0.059861724625829976,0.6344410296906073,0.5722094598302065,0.3701276821544813,0.21455420853757062,0.04217629643574265,0.9823332790692352,0.8270581097252172,56.59794087470131,0.2129220042099124,0.6332067466632375,0.4179277640050618,0.026452549415420766,0.8264984908049093,0.6527143666714432,0.5785339998795945,0.3972685826627177,-0.049744218866088125,0.7418192352723829,0.591856899230714,448.1068016402412,0.28593811989680173,0.35750289763288684,0.29172715489178513,0.059861724625829976,0.6344410296906073,0.5722094598302065,0.3701276821544813,0.21455420853757062,0.04217629643574265,dedicated_scaling_run,,,,,,,,,,,,,,,,,,,,,,,,,,,,,
MuScaRi_ClimateDEM_Area,3,7cdef3288b40,0.1,20975,0.9865765322445937,0.8519108022564522,59.14919890747577,0.1792644968909711,0.5449443810573318,0.3249694635292662,0.010763940514165226,0.8563496167424707,0.6908359926103932,0.5368558507953974,0.3619669467904605,-0.035334312643501016,0.9822406269162751,0.8276426480796284,58.5275878254047,0.21320429750451608,0.6469343389686046,0.44573817294487394,0.05042104915256786,0.8294720477547783,0.6558325648897003,0.5817503777614522,0.3994557889094852,-0.047344221811953045,0.9789418976071607,0.8124394554121481,61.44636358366925,0.23646375470303352,0.6457611980434502,0.439553763189395,0.056704435957153035,0.8224051838114474,0.6420989261952446,0.5806347480832618,0.4029507798639232,-0.04593923531985773,0.7373467612249596,0.574352149016745,451.9714227437383,0.2884041446167726,0.35901577501935067,0.2630594245161517,0.029237461294642553,0.634553025717461,0.5564779993631026,0.37007097985727355,0.22244417023089508,0.03575311834597445,0.9789418976071607,0.8124394554121481,61.44636358366925,0.23646375470303352,0.6457611980434502,0.439553763189395,0.056704435957153035,0.8224051838114474,0.6420989261952446,0.5806347480832618,0.4029507798639232,-0.04593923531985773,0.7373467612249596,0.574352149016745,451.9714227437383,0.2884041446167726,0.35901577501935067,0.2630594245161517,0.029237461294642553,0.634553025717461,0.5564779993631026,0.37007097985727355,0.22244417023089508,0.03575311834597445,dedicated_scaling_run,,,,,,,,,,,,,,,,,,,,,,,,,,,,,
MuScaRi_ClimateDEM_Area,2,7cdef3288b40,0.1,20143,0.9870520947394391,0.8551679467696456,60.73431334356162,0.17528757823349056,0.5475309278874533,0.32243823920272086,0.008692923308796965,0.8552203049645843,0.6915601745931242,0.5464125911645273,0.3676900364356158,-0.030715486833495516,0.9791372604689528,0.8109695757255708,61.16067056304404,0.2353643233916453,0.6361738173113524,0.4166136182896424,0.05114345013482202,0.8194579883730395,0.6368151063578865,0.5854327560210147,0.4088996841399793,-0.03924533336802499,0.9814079869491289,0.8150901054087485,56.42611439037525,0.2221701139454895,0.5920682541837431,0.3521090253573488,0.031157525682161347,0.8243112375663472,0.6375316192724159,0.5682963606470541,0.40004058134275294,-0.0338173412468146,0.7183469262699929,0.5567559215355529,468.0333894942517,0.2986533298133269,0.3373078334650041,0.21443735100952868,0.006289062618102083,0.6574833205488921,0.5633510703630611,0.35827269042810506,0.21899704587175545,0.03333309041977595,0.9814079869491289,0.8150901054087485,56.42611439037525,0.2221701139454895,0.5920682541837431,0.3521090253573488,0.031157525682161347,0.8243112375663472,0.6375316192724159,0.5682963606470541,0.40004058134275294,-0.0338173412468146,0.7183469262699929,0.5567559215355529,468.0333894942517,0.2986533298133269,0.3373078334650041,0.21443735100952868,0.006289062618102083,0.6574833205488921,0.5633510703630611,0.35827269042810506,0.21899704587175545,0.03333309041977595,dedicated_scaling_run,,,,,,,,,,,,,,,,,,,,,,,,,,,,,
MuScaRi_ClimateDEM_Area,4,7cdef3288b40,0.1,21065,0.9866230097756373,0.8539325990042684,58.307197031264025,0.17742936328094766,0.5656285748034757,0.36253819793923836,0.01570391762849972,0.8543114192401245,0.6907730316894092,0.539188876035594,0.359478056499725,-0.04249454642166822,0.9831326109212608,0.828324255537583,55.30273221743293,0.2080494166333688,0.6388507310759743,0.4367422265530275,0.03938554582141694,0.8284845050360066,0.655312615493844,0.5752133269119782,0.3942963821332197,-0.047059276005895156,0.9838128372074454,0.8329529037418104,55.876883719090245,0.203548312586831,0.6557584219813178,0.4636046032828999,0.0479002535582355,0.8294236320532242,0.6576468631213028,0.5818329557885117,0.39735003488240883,-0.050487771499702745,0.616522220908126,0.44526534938979856,546.1220302202859,0.34848189395844975,0.522721049831607,0.47824378312092103,0.14462269219268617,0.42053417521397285,0.39253656081956434,0.4660009029700725,0.304667411421515,-0.009589982760774237,0.9838128372074454,0.8329529037418104,55.876883719090245,0.203548312586831,0.6557584219813178,0.4636046032828999,0.0479002535582355,0.8294236320532242,0.6576468631213028,0.5818329557885117,0.39735003488240883,-0.050487771499702745,0.616522220908126,0.44526534938979856,546.1220302202859,0.34848189395844975,0.522721049831607,0.47824378312092103,0.14462269219268617,0.42053417521397285,0.39253656081956434,0.4660009029700725,0.304667411421515,-0.009589982760774237,dedicated_scaling_run,,,,,,,,,,,,,,,,,,,,,,,,,,,,,
MuScaRi_ClimateDEM_Area,1,7cdef3288b40,0.1,20902,0.9872793416191836,0.8552614631197604,58.638692805643174,0.17448973199363416,0.5571780743553537,0.34532688698206687,0.006221480671833742,0.8542996876103437,0.690367598935284,0.5424971396471895,0.36391625999824384,-0.037582359141841874,0.9832713518123911,0.824859617412687,53.52385193516777,0.21074285235686652,0.6103551233058278,0.4058872817999569,0.03573556442677356,0.8287447292552218,0.6500759687985935,0.5610800877892019,0.38619592835103866,-0.04731431291673011,0.9843107890887403,0.8347401302585175,55.28230938811445,0.2009118235743492,0.674228387610262,0.49280311546109823,0.051174444852819766,0.8262253398875552,0.6588231103006355,0.5917003259402858,0.4007280100199317,-0.05653094047197723,0.7797735366493195,0.5994248381080427,413.8608488435489,0.2640856888280921,0.31756634789259425,0.19757376515673303,0.01697120684923497,0.6769361431764434,0.5766363040534903,0.3479501531175297,0.21233396761149037,0.02730665527900941,0.9843107890887403,0.8347401302585175,55.28230938811445,0.2009118235743492,0.674228387610262,0.49280311546109823,0.051174444852819766,0.8262253398875552,0.6588231103006355,0.5917003259402858,0.4007280100199317,-0.05653094047197723,0.7797735366493195,0.5994248381080427,413.8608488435489,0.2640856888280921,0.31756634789259425,0.19757376515673303,0.01697120684923497,0.6769361431764434,0.5766363040534903,0.3479501531175297,0.21233396761149037,0.02730665527900941,dedicated_scaling_run,,,,,,,,,,,,,,,,,,,,,,,,,,,,,
MuScaRi_ClimateDEM_Area,0,62102ca188be,0.31622776601683794,67489,0.9899168917593587,0.8681803141288709,51.7259500725769,0.15724365092853831,0.5053681880598303,0.30503745870943355,0.01746518143983645,0.8644985102671486,0.7092107744109246,0.5188737569285968,0.33705242554780446,-0.05279691789130165,0.9852017030037946,0.8389542700833396,53.689764065834694,0.1951240556460457,0.6295588684751149,0.4309827687482648,0.04686692144542587,0.8293692203861986,0.6654110970812823,0.5863234615557641,0.3929901157260825,-0.07333281495775786,0.9843436651795859,0.8335917265362556,53.28042821823703,0.200441489395294,0.6027923824808497,0.38970734852741085,0.03339506718883775,0.8302871951775288,0.6623656585999214,0.5721824920208904,0.3862282329217566,-0.06919864324797652,0.7729159802801403,0.5521156575707464,420.25499213450536,0.26816580854230576,0.3072074933817567,0.12742138229018968,-0.04316103195939065,0.6883097889406014,0.5413846032724726,0.341770382273807,0.23001411545882686,0.012428773256657543,0.9843436651795859,0.8335917265362556,53.28042821823703,0.200441489395294,0.6027923824808497,0.38970734852741085,0.03339506718883775,0.8302871951775288,0.6623656585999214,0.5721824920208904,0.3862282329217566,-0.06919864324797652,0.7729159802801403,0.5521156575707464,420.25499213450536,0.26816580854230576,0.3072074933817567,0.12742138229018968,-0.04316103195939065,0.6883097889406014,0.5413846032724726,0.341770382273807,0.23001411545882686,0.012428773256657543,dedicated_scaling_run,,,,,,,,,,,,,,,,,,,,,,,,,,,,,
MuScaRi_ClimateDEM_Area,2,62102ca188be,0.31622776601683794,63719,0.9901245022849102,0.8726036744310893,52.27398133933803,0.1531010518321204,0.4869103576778593,0.26648045196479464,0.015689940614977343,0.8691571012477766,0.7128733642633057,0.5172200604119312,0.34058971005360944,-0.025145999068990843,0.9795781568867153,0.8191089689328896,60.5109593154502,0.23286404262653762,0.5782437673865407,0.36479795535313253,0.05492893186267087,0.8360908885672711,0.6593128829454706,0.5578140228239896,0.383570068559712,-0.034568197542232636,0.9818173156026074,0.82360773582948,55.80150823756479,0.2197108125805062,0.5392800843064487,0.31154345459514227,0.040076129841354655,0.840299791574403,0.6611219010419643,0.541820739258552,0.37400501373217554,-0.028620049179616764,0.6805097839156526,0.44458848066895496,498.4807259385777,0.31808185482277235,0.35610408890985024,0.1029609082494631,-0.0945104865160385,0.6176732512871547,0.4305952777240529,0.37852117914932465,0.2855794291939351,-0.001552537941948927,0.9818173156026074,0.82360773582948,55.80150823756479,0.2197108125805062,0.5392800843064487,0.31154345459514227,0.040076129841354655,0.840299791574403,0.6611219010419643,0.541820739258552,0.37400501373217554,-0.028620049179616764,0.6805097839156526,0.44458848066895496,498.4807259385777,0.31808185482277235,0.35610408890985024,0.1029609082494631,-0.0945104865160385,0.6176732512871547,0.4305952777240529,0.37852117914932465,0.2855794291939351,-0.001552537941948927,dedicated_scaling_run,,,,,,,,,,,,,,,,,,,,,,,,,,,,,
MuScaRi_ClimateDEM_Area,3,62102ca188be,0.31622776601683794,66297,0.990669797777946,0.875204064116174,49.01065017131221,0.14891295443797195,0.5099545881553454,0.3029675719584062,-0.0032819291235695425,0.8660954958206808,0.7114472661210287,0.5170448027268733,0.33669900982191003,-0.03973906548231606,0.9862146627872252,0.8469962444483012,51.565057572526044,0.18784119223103013,0.6146552581585683,0.41637898406429724,0.03225789020665727,0.8354052313891895,0.6689646107154907,0.5715403538476921,0.38421416175305345,-0.05709781141914754,0.9850425090681227,0.8370028064993625,51.78642651401472,0.19928946388311894,0.6115238527018498,0.4221678395454588,0.046671663569206115,0.8319960120638252,0.6606009159306581,0.5647388634904204,0.38211990860203293,-0.054253309990910686,0.6670487359504648,0.4065854027928375,508.87361092071785,0.32471357942214335,0.4133286252032868,0.18436912146141668,-0.06146356004519313,0.5416154792679284,0.3753010787549129,0.4144649566596184,0.3133117026459821,-0.03274940936654237,0.9850425090681227,0.8370028064993625,51.78642651401472,0.19928946388311894,0.6115238527018498,0.4221678395454588,0.046671663569206115,0.8319960120638252,0.6606009159306581,0.5647388634904204,0.38211990860203293,-0.054253309990910686,0.6670487359504648,0.4065854027928375,508.87361092071785,0.32471357942214335,0.4133286252032868,0.18436912146141668,-0.06146356004519313,0.5416154792679284,0.3753010787549129,0.4144649566596184,0.3133117026459821,-0.03274940936654237,dedicated_scaling_run,,,,,,,,,,,,,,,,,,,,,,,,,,,,,
MuScaRi_ClimateDEM_Area,1,62102ca188be,0.31622776601683794,66015,0.9906903712856386,0.8746412778539685,50.12139127180919,0.14930471087902195,0.5266618411651066,0.3361078008549974,0.01413453248170045,0.8622527238047448,0.7075361072628261,0.5273701455747414,0.3431646736849458,-0.04262697550566511,0.9855777951256629,0.8348529027914056,49.697296824270126,0.19567631457768922,0.5864404594233186,0.3981315832251445,0.04911385001717033,0.8325652014037846,0.6606339409701392,0.5547863221021092,0.3745435543002013,-0.050801070435322025,0.9864704532894933,0.8440513745591449,51.336617414554716,0.18657204341892378,0.6495799958978746,0.46409405901039147,0.05320439145777509,0.8265027923217237,0.6623181337553712,0.5912277767009815,0.39662294393726955,-0.0600194244841102,0.7223539645610392,0.4870763572409794,464.6921444105799,0.29652127070608125,0.33073644679300507,0.09771933153525399,-0.07948383739239068,0.6471937036780142,0.4764211289450101,0.3636143446228451,0.26259591822897654,0.0009839652317074972,0.9864704532894933,0.8440513745591449,51.336617414554716,0.18657204341892378,0.6495799958978746,0.46409405901039147,0.05320439145777509,0.8265027923217237,0.6623181337553712,0.5912277767009815,0.39662294393726955,-0.0600194244841102,0.7223539645610392,0.4870763572409794,464.6921444105799,0.29652127070608125,0.33073644679300507,0.09771933153525399,-0.07948383739239068,0.6471937036780142,0.4764211289450101,0.3636143446228451,0.26259591822897654,0.0009839652317074972,dedicated_scaling_run,,,,,,,,,,,,,,,,,,,,,,,,,,,,,
MuScaRi_ClimateDEM_Area,4,62102ca188be,0.31622776601683794,66750,0.9900982194716146,0.8715350568313351,50.61936145602115,0.15397968914879576,0.4967264651141606,0.2840127469776484,-0.002965044709607024,0.8668817532230373,0.7081900125479861,0.5143254080770895,0.33894495977247796,-0.03996472273725683,0.9859505800426398,0.8418063953900237,50.472155659491186,0.18987674062648963,0.593648820634945,0.37412515645282557,0.015662811764312293,0.833835110114616,0.66456486300036,0.5661700491014333,0.38371250850626015,-0.05345583084896985,0.9864265066502574,0.8463041775260769,51.167314922695546,0.18639229532686663,0.6093317357068342,0.40107245670805164,0.02398610959691682,0.8347854689008015,0.6674024677467747,0.5726153768717317,0.3860272531676798,-0.05877061147153421,0.7282749510869496,0.4740369378655327,459.7105092733924,0.2933424767346889,0.4282229578816018,0.2857233794330114,0.04116822213711925,0.5353794955573785,0.42161518022395916,0.41727467774076515,0.2900833111609281,-0.03700507148076706,0.9864265066502574,0.8463041775260769,51.167314922695546,0.18639229532686663,0.6093317357068342,0.40107245670805164,0.02398610959691682,0.8347854689008015,0.6674024677467747,0.5726153768717317,0.3860272531676798,-0.05877061147153421,0.7282749510869496,0.4740369378655327,459.7105092733924,0.2933424767346889,0.4282229578816018,0.2857233794330114,0.04116822213711925,0.5353794955573785,0.42161518022395916,0.41727467774076515,0.2900833111609281,-0.03700507148076706,dedicated_scaling_run,,,,,,,,,,,,,,,,,,,,,,,,,,,,,
MuScaRi_ClimateDEM_Area,2,ad74a3020281,1.0,201540,0.992620341596024,0.888349431741653,45.40248067847848,0.1326745467599906,0.4518387183953711,0.2218070405430761,-0.0158819530807476,0.8791047959643967,0.7281261241905959,0.4980495131337639,0.3229790443627246,-0.0289848545182185,0.986782540655787,0.8468490852681387,48.68112003142494,0.1873393273907429,0.5371511622408492,0.314456806061374,0.0246748239727584,0.84667711732846,0.6750743816160991,0.5394998985593717,0.3658246389098181,-0.0388169906628467,0.987873326035287,0.8486302936510641,45.57091906538936,0.179429266018201,0.503736521708543,0.2666013721358154,0.0124997739438657,0.8494601604914322,0.6753694190145777,0.5260519162558865,0.3582806476325053,-0.0337921449471708,0.5687989857780487,0.3245968489281368,579.1078882510989,0.3695302564910651,0.4644667549426169,0.1971604604779094,-0.0930107260990368,0.4388459813468059,0.3002086005095574,0.4585787058074179,0.3509736089249767,-0.0772802162937166,0.987873326035287,0.8486302936510641,45.57091906538936,0.179429266018201,0.503736521708543,0.2666013721358154,0.0124997739438657,0.8494601604914322,0.6753694190145777,0.5260519162558865,0.3582806476325053,-0.0337921449471708,0.5687989857780487,0.3245968489281368,579.1078882510989,0.3695302564910651,0.4644667549426169,0.1971604604779094,-0.0930107260990368,0.4388459813468059,0.3002086005095574,0.4585787058074179,0.3509736089249767,-0.0772802162937166,final_benchmark,MuScaRi,legacy_maxabs_absolute_l32,absolute,absolute,legacy,maxabs,l32,32.0,32;128;512;512;128;32,,,,,,,,,,,,,,,,,,,,
MuScaRi_ClimateDEM_Area,1,ad74a3020281,1.0,208808,0.9943231727672384,0.9016119578214185,39.231309599098886,0.1166682025974717,0.4413216715624992,0.2627648849022502,0.0072845447534297,0.8861771685852908,0.7469844882557621,0.4804827495437827,0.2978444438232326,-0.0366248046831688,0.9879409191478932,0.8505719191199457,45.44373720188068,0.1789285048115322,0.5117485755274519,0.3254833003265786,0.0429131923577724,0.8527002559529275,0.6876099027317852,0.5203599688168551,0.3447713588637181,-0.0456164085580007,0.9888056496334404,0.8596775480659697,46.69657987974213,0.169708811455998,0.5686635806504731,0.3762029731611364,0.037920167974804,0.8453357340995586,0.6881803598134305,0.5582176663511201,0.3662465649773108,-0.0529472234759718,0.6409320664468817,0.4028840054284898,528.4548684741438,0.3372084322334939,0.3200425764600622,-0.0671765275734856,-0.2084638387447062,0.614171813058566,0.3955701188986236,0.3802505231815246,0.3031459621575579,0.0202482380899465,0.9888056496334404,0.8596775480659697,46.69657987974213,0.169708811455998,0.5686635806504731,0.3762029731611364,0.037920167974804,0.8453357340995586,0.6881803598134305,0.5582176663511201,0.3662465649773108,-0.0529472234759718,0.6409320664468817,0.4028840054284898,528.4548684741438,0.3372084322334939,0.3200425764600622,-0.0671765275734856,-0.2084638387447062,0.614171813058566,0.3955701188986236,0.3802505231815246,0.3031459621575579,0.0202482380899465,final_benchmark,MuScaRi,legacy_maxabs_absolute_l32,absolute,absolute,legacy,maxabs,l32,32.0,32;128;512;512;128;32,,,,,,,,,,,,,,,,,,,,
MuScaRi_ClimateDEM_Area,0,ad74a3020281,1.0,213363,0.9941623279826516,0.8999263885694683,39.27915897351341,0.1193080011709081,0.4274460110592436,0.2493439187864052,0.0078277587890625,0.8900433622506452,0.7503129129472091,0.4675211028955586,0.2895672935804862,-0.0326592402686096,0.9887552663356634,0.8592111732408216,46.80154741798093,0.1700902937016323,0.5599237790957348,0.3653056628834741,0.0360129916119055,0.8514458309985027,0.6925957106560293,0.5470802135234282,0.3610605322077371,-0.0498239800322462,0.98843288834423,0.8559989301084613,45.79679857812327,0.1722880018742187,0.5345974756761287,0.3273170121185614,0.0249678523600602,0.8534384900790941,0.6905989804841843,0.5317251776678297,0.3539314414588881,-0.0461380317242957,0.5793365441419459,0.3501441095687332,571.9880897696917,0.3649870944786383,0.3477983933860072,-0.1473815183180549,-0.2435725648090208,0.4521137496943482,0.2795440524026631,0.4531250220177762,0.3613377125105463,0.0434989027943633,0.98843288834423,0.8559989301084613,45.79679857812327,0.1722880018742187,0.5345974756761287,0.3273170121185614,0.0249678523600602,0.8534384900790941,0.6905989804841843,0.5317251776678297,0.3539314414588881,-0.0461380317242957,0.5793365441419459,0.3501441095687332,571.9880897696917,0.3649870944786383,0.3477983933860072,-0.1473815183180549,-0.2435725648090208,0.4521137496943482,0.2795440524026631,0.4531250220177762,0.3613377125105463,0.0434989027943633,final_benchmark,MuScaRi,legacy_maxabs_absolute_l32,absolute,absolute,legacy,maxabs,l32,32.0,32;128;512;512;128;32,,,,,,,,,,,,,,,,,,,,
MuScaRi_ClimateDEM_Area,3,ad74a3020281,1.0,209569,0.9943687667111946,0.9026834042310108,38.52999348222146,0.1163005772008918,0.4108889505941498,0.2185578016131056,-0.0002458139125734,0.8940022634151141,0.7538777828795912,0.4608777464546599,0.2875180920041217,-0.0255222608656717,0.98863960361582,0.8626782882117783,46.81052935627182,0.1705213968748085,0.5280642518764042,0.3238047141691945,0.0275451510568208,0.8579298894218443,0.6981389907597104,0.5309947714634713,0.3503530993524981,-0.0394744163039567,0.9870592108351208,0.8507134147281475,48.16892460256358,0.1853682481083936,0.5211795172797445,0.3321125463843022,0.0421425074318542,0.8580678174398271,0.6937408665619786,0.5190728582673306,0.3448085677625599,-0.0367440307207863,0.6565667007547389,0.4255272629484398,516.821767364227,0.3297853200221988,0.3329536844045898,-0.0105320656457676,-0.1589825890518816,0.5897523229240929,0.4059439673665336,0.3920991583705469,0.2979430582024112,0.0032125365592505,0.9870592108351208,0.8507134147281475,48.16892460256358,0.1853682481083936,0.5211795172797445,0.3321125463843022,0.0421425074318542,0.8580678174398271,0.6937408665619786,0.5190728582673306,0.3448085677625599,-0.0367440307207863,0.6565667007547389,0.4255272629484398,516.821767364227,0.3297853200221988,0.3329536844045898,-0.0105320656457676,-0.1589825890518816,0.5897523229240929,0.4059439673665336,0.3920991583705469,0.2979430582024112,0.0032125365592505,final_benchmark,MuScaRi,legacy_maxabs_absolute_l32,absolute,absolute,legacy,maxabs,l32,32.0,32;128;512;512;128;32,,,,,,,,,,,,,,,,,,,,
MuScaRi_ClimateDEM_Area,4,ad74a3020281,1.0,211036,0.9942981435258316,0.902221872487387,38.599147360193406,0.1169326069356634,0.3904744386495867,0.1887277122450966,-0.0034950595609025,0.8958471749534712,0.7560907576021243,0.4555292421796779,0.2838569280886225,-0.0182319790228888,0.9883302818343556,0.8580719565871568,45.99947133019397,0.1730504587396051,0.4963478389896858,0.2691857609800331,0.0136020614332136,0.8572523264079137,0.6956028333474782,0.5247612750020253,0.3482074103601217,-0.0302025846565694,0.9877150759013246,0.8597878776518862,48.678036151238345,0.1773243506488875,0.506923255857717,0.2852133111170656,0.0196853591239782,0.858232260687698,0.6983609668487104,0.5304294056028932,0.350095464108537,-0.0345201072006386,0.6685811418460821,0.4285749181299431,507.7012149097065,0.3239654716722868,0.3212106479303565,-0.0311224572752658,-0.1880063457213378,0.6320362724120558,0.4157008421492543,0.3713430920221742,0.2930495902079817,0.0118210195203247,0.9877150759013246,0.8597878776518862,48.678036151238345,0.1773243506488875,0.506923255857717,0.2852133111170656,0.0196853591239782,0.858232260687698,0.6983609668487104,0.5304294056028932,0.350095464108537,-0.0345201072006386,0.6685811418460821,0.4285749181299431,507.7012149097065,0.3239654716722868,0.3212106479303565,-0.0311224572752658,-0.1880063457213378,0.6320362724120558,0.4157008421492543,0.3713430920221742,0.2930495902079817,0.0118210195203247,final_benchmark,MuScaRi,legacy_maxabs_absolute_l32,absolute,absolute,legacy,maxabs,l32,32.0,32;128;512;512;128;32,,,,,,,,,,,,,,,,,,,,
